{"loss":{"0":0.1621550548,"1":0.0668467874,"2":0.0662200727,"3":0.0643370857,"4":0.0624568041,"5":0.0607766051,"6":0.0605418411,"7":0.0602124789,"8":0.0590236155,"9":0.0587622994,"10":0.0581753662,"11":0.0585626459,"12":0.0574633426,"13":0.056356559,"14":0.0554872565,"15":0.0549303894,"16":0.0558525547,"17":0.0556991125,"18":0.0537823319,"19":0.055040293,"20":0.0541236295,"21":0.0538705364,"22":0.0523731568,"23":0.052078283,"24":0.0520498693},"sparse_categorical_accuracy":{"0":0.9387595654,"1":0.9878542423,"2":0.9878555536,"3":0.9878562093,"4":0.9878579974,"5":0.9878594279,"6":0.9878593087,"7":0.9878594279,"8":0.9878593087,"9":0.9878590703,"10":0.9878595471,"11":0.9878595471,"12":0.9878593087,"13":0.9878593087,"14":0.9878595471,"15":0.9878595471,"16":0.9878594279,"17":0.9878594279,"18":0.9878594279,"19":0.9878596067,"20":0.9878595471,"21":0.9878595471,"22":0.9879428744,"23":0.987791121,"24":0.9878600836},"val_loss":{"0":0.0859043941,"1":0.0684402544,"2":0.1660851352,"3":0.1136508986,"4":0.1234468825,"5":0.2848695263,"6":0.1139122665,"7":0.1171796024,"8":0.0595536113,"9":0.0644723613,"10":0.056794994,"11":0.0551384337,"12":0.0794623259,"13":0.1325006738,"14":0.0514855389,"15":0.063530745,"16":0.0536459588,"17":0.1027954765,"18":0.0652433909,"19":0.0538675036,"20":0.0787188012,"21":0.0526587404,"22":0.0681563661,"23":0.0556640096,"24":0.0738594886},"val_sparse_categorical_accuracy":{"0":0.9877454638,"1":0.9878152013,"2":0.9878186584,"3":0.9878201485,"4":0.9878216982,"5":0.9878216982,"6":0.9878216982,"7":0.9878216982,"8":0.987821579,"9":0.9878216982,"10":0.9878216982,"11":0.9878216982,"12":0.9878216982,"13":0.9878216982,"14":0.9878216982,"15":0.9878216982,"16":0.9878216982,"17":0.9878193736,"18":0.9878216982,"19":0.9878216982,"20":0.9878216982,"21":0.9878213406,"22":0.9878188968,"23":0.9878216982,"24":0.9878221154}}