{"loss":{"0":0.6202647039,"1":0.3012517468,"2":0.1058239033,"3":0.0736824423,"4":0.0667805105,"5":0.0639617991,"6":0.0606666242,"7":0.060714236,"8":0.0572695665,"9":0.0559114364,"10":0.054101275,"11":0.053916745,"12":0.053086728,"13":0.051579236,"14":0.0510832917,"15":0.0501772808,"16":0.0500209125,"17":0.0489694724,"18":0.0488715152,"19":0.0507289446,"20":0.0484821577,"21":0.0484243416,"22":0.0482403878,"23":0.0469267033,"24":0.0458982092,"25":0.0456188426,"26":0.0468727376,"27":0.0462145705,"28":0.045537355,"29":0.0476954884},"sparse_categorical_accuracy":{"0":0.8158143163,"1":0.9846247435,"2":0.9877099395,"3":0.987844944,"4":0.9878525138,"5":0.987840414,"6":0.9877896905,"7":0.9877743125,"8":0.9880573153,"9":0.9880288839,"10":0.9883778691,"11":0.9884385467,"12":0.9884621501,"13":0.9887081385,"14":0.9889571071,"15":0.9890738726,"16":0.989020288,"17":0.989256382,"18":0.9890625477,"19":0.9887738228,"20":0.9891844392,"21":0.9892024398,"22":0.9892905354,"23":0.9894292355,"24":0.9895866513,"25":0.9895364642,"26":0.9891992807,"27":0.9895005226,"28":0.989544034,"29":0.9890642762},"val_loss":{"0":0.5241212249,"1":0.2652521238,"2":0.0888091914,"3":0.0727591444,"4":0.0727182258,"5":0.0694326691,"6":0.0645800304,"7":0.0727628067,"8":0.0684681285,"9":0.067145646,"10":0.0625609316,"11":0.0590687469,"12":0.0687446386,"13":0.0534412995,"14":0.0538312336,"15":0.0556377731,"16":0.0639122374,"17":0.0594130814,"18":0.0660447508,"19":0.0573424563,"20":0.0488304827,"21":0.0498074606,"22":0.0555321902,"23":0.0484619897,"24":0.050922893,"25":0.0561284561,"26":0.0480845669,"27":0.0475009758,"28":0.0477966271,"29":0.0642422769},"val_sparse_categorical_accuracy":{"0":0.7922189236,"1":0.9839558601,"2":0.9790890813,"3":0.9858307242,"4":0.9865763187,"5":0.98778826,"6":0.9877668023,"7":0.9877548814,"8":0.9878071547,"9":0.9877283573,"10":0.9878115654,"11":0.9878121614,"12":0.9878195524,"13":0.9880444407,"14":0.9879505634,"15":0.9879025221,"16":0.9878197312,"17":0.9878365397,"18":0.9876365066,"19":0.9876524806,"20":0.9881868362,"21":0.9880130291,"22":0.9870147705,"23":0.9882965684,"24":0.9873696566,"25":0.9880062938,"26":0.9883816838,"27":0.9885048866,"28":0.988109529,"29":0.9861009717}}