{"loss":{"0":0.1368975932,"1":0.0668760939,"2":0.0643349553,"3":0.0634849074,"4":0.0617301509,"5":0.0604999384,"6":0.0599631846,"7":0.0598197325,"8":0.058866129,"9":0.05967444,"10":0.0587707414,"11":0.0590176548,"12":0.0572507488,"13":0.0573568535,"14":0.0564522849,"15":0.0587527797,"16":0.0585364435,"17":0.0569567848,"18":0.0560431833,"19":0.0557209901,"20":0.0549871968,"21":0.0538632529,"22":0.0555450255,"23":0.0544531789,"24":0.0548626113},"sparse_categorical_accuracy":{"0":0.9616344571,"1":0.9868941903,"2":0.9878540039,"3":0.9878582954,"4":0.9878593087,"5":0.9878595471,"6":0.9878595471,"7":0.9878595471,"8":0.9878595471,"9":0.9878596067,"10":0.9878594279,"11":0.9878595471,"12":0.9878595471,"13":0.9878595471,"14":0.9878594279,"15":0.9878596067,"16":0.9878595471,"17":0.9878595471,"18":0.9878594279,"19":0.9878591895,"20":0.9878595471,"21":0.9878595471,"22":0.9878587723,"23":0.9878773093,"24":0.9878605008},"val_loss":{"0":0.0844462134,"1":0.0734985355,"2":0.1309350245,"3":0.0816904716,"4":0.1207714558,"5":0.1330024831,"6":0.0780930784,"7":0.1422424853,"8":0.0812095489,"9":0.0662824977,"10":0.0561942976,"11":0.0552329503,"12":0.059932597,"13":0.0676964328,"14":0.0545160033,"15":0.0680959903,"16":0.0572174191,"17":0.0656039689,"18":0.0587484404,"19":0.0601920988,"20":0.0722495217,"21":0.0770924725,"22":0.0608366847,"23":0.0740609467,"24":0.0545225952},"val_sparse_categorical_accuracy":{"0":0.9842200875,"1":0.987811923,"2":0.9878216982,"3":0.9878216982,"4":0.9878216982,"5":0.9878216982,"6":0.9878216386,"7":0.9878216982,"8":0.9878216982,"9":0.9878216982,"10":0.987821579,"11":0.9878216982,"12":0.9878216982,"13":0.9878216982,"14":0.9878216982,"15":0.9878216982,"16":0.9878216982,"17":0.98781991,"18":0.9878216982,"19":0.9878216982,"20":0.9878216982,"21":0.9878221154,"22":0.987821877,"23":0.9878216982,"24":0.9878219962}}