{"loss":{"0":0.4843952673,"1":0.1288711244,"2":0.0689422293,"3":0.0598734926,"4":0.0547764733},"sparse_categorical_accuracy":{"0":0.9285755754,"1":0.9876042008,"2":0.98790133,"3":0.9879181385,"4":0.9880321026},"val_loss":{"0":0.1621560398,"1":0.0739754566,"2":0.0644011963,"3":0.0773448758,"4":0.0666485245},"val_sparse_categorical_accuracy":{"0":0.9877285957,"1":0.987742722,"2":0.9877347946,"3":0.9877364635,"4":0.9876891971}}