{"loss":{"0":0.1650191698,"1":0.0695902861,"2":0.0640365416,"3":0.0631675514,"4":0.063006914,"5":0.0607912603,"6":0.0601320204,"7":0.060345521,"8":0.0606931384,"9":0.0598016778,"10":0.0592337447,"11":0.0587887096,"12":0.0573126445,"13":0.0564983721,"14":0.0566318017,"15":0.056306149,"16":0.0558925981,"17":0.0557572172,"18":0.0553261526,"19":0.0546938075,"20":0.0544343215,"21":0.0538438211,"22":0.0532432893,"23":0.0532367306,"24":0.053423026},"sparse_categorical_accuracy":{"0":0.9392033815,"1":0.9862239957,"2":0.9878566861,"3":0.9878565669,"4":0.9878564477,"5":0.9878581762,"6":0.9878579974,"7":0.9878594279,"8":0.9878595471,"9":0.9878595471,"10":0.9878595471,"11":0.9878593087,"12":0.9878594279,"13":0.9878595471,"14":0.9878595471,"15":0.9878584146,"16":0.9878588915,"17":0.9878668785,"18":0.9878734946,"19":0.9878672361,"20":0.9879251122,"21":0.988093257,"22":0.9882273078,"23":0.9883666039,"24":0.9880504012},"val_loss":{"0":0.1023598958,"1":0.0810902528,"2":0.0751791086,"3":0.0844699245,"4":0.0643622365,"5":0.0964478925,"6":0.0740422945,"7":0.0693870615,"8":0.0653190315,"9":0.0958856173,"10":0.0677968111,"11":0.0898571491,"12":0.0764966425,"13":0.0669845637,"14":0.0880586259,"15":0.0900521033,"16":0.0851128213,"17":0.0540029325,"18":0.0558267057,"19":0.0660983648,"20":0.0868597258,"21":0.0881958149,"22":0.0603747461,"23":0.0547073271,"24":0.0654039461},"val_sparse_categorical_accuracy":{"0":0.9817065597,"1":0.9878051877,"2":0.9878172874,"3":0.9878185391,"4":0.9878185391,"5":0.9878211021,"6":0.9878186584,"7":0.9878208637,"8":0.9878216982,"9":0.9878216982,"10":0.9878216982,"11":0.9878216982,"12":0.9878216982,"13":0.9878216982,"14":0.9878216982,"15":0.9878216982,"16":0.9878216982,"17":0.9878553152,"18":0.9878222942,"19":0.9878216982,"20":0.987835288,"21":0.9878383279,"22":0.9878522158,"23":0.9878476858,"24":0.9879633188}}