{"loss":{"0":0.1242056725,"1":0.0605654948,"2":0.044316234,"3":0.0425053911,"4":0.0393097825,"5":0.0338588363,"6":0.0345708481,"7":0.0321975001,"8":0.0304008733,"9":0.029323018,"10":0.0284593947,"11":0.0274239498,"12":0.0256119184,"13":0.0270569918,"14":0.025271452,"15":0.0237241735,"16":0.0220411163,"17":0.02154514,"18":0.0218386319,"19":0.0204663337,"20":0.0197314178,"21":0.019401062,"22":0.0185862451,"23":0.0188984529,"24":0.0201941619},"sparse_categorical_accuracy":{"0":0.9812748432,"1":0.9876881838,"2":0.988288939,"3":0.9885498881,"4":0.9893864989,"5":0.990481019,"6":0.9905493259,"7":0.9910383821,"8":0.9912238121,"9":0.9914221168,"10":0.9919750094,"11":0.992272377,"12":0.9926800728,"13":0.9923680425,"14":0.9927487969,"15":0.9931827188,"16":0.9936792254,"17":0.993711412,"18":0.993672967,"19":0.9940036535,"20":0.9941507578,"21":0.9942409992,"22":0.9945002794,"23":0.994305253,"24":0.994058013},"val_loss":{"0":0.1281694241,"1":0.048850473,"2":0.0418148013,"3":0.0455834787,"4":0.0679666277,"5":0.0703148689,"6":0.0334645927,"7":0.0545641411,"8":0.0543439636,"9":0.0323999224,"10":0.0318562262,"11":0.0281872537,"12":0.0287474226,"13":0.0292079484,"14":0.0528953977,"15":0.0308533061,"16":0.0275174515,"17":0.0273936003,"18":0.0223532556,"19":0.0220926935,"20":0.0206270355,"21":0.0295025514,"22":0.0236379587,"23":0.0201744079,"24":0.0271167252},"val_sparse_categorical_accuracy":{"0":0.9826568365,"1":0.9878057241,"2":0.9878748059,"3":0.9881768227,"4":0.9890600443,"5":0.9881752729,"6":0.9905152321,"7":0.9881651402,"8":0.988756299,"9":0.991728127,"10":0.9923006892,"11":0.9924568534,"12":0.9914879799,"13":0.9910472035,"14":0.9886220694,"15":0.9923906326,"16":0.9913129807,"17":0.9927589893,"18":0.9934424758,"19":0.9933409095,"20":0.9937457442,"21":0.9923148155,"22":0.9935178757,"23":0.9938462973,"24":0.9913524389}}