{"loss":{"0":0.5632704191,"1":0.230750925,"2":0.0941513809,"3":0.0690333797,"4":0.0611130509,"5":0.0548507853,"6":0.051499693,"7":0.0471400769,"8":0.0438718733,"9":0.0413989783,"10":0.0415228289,"11":0.0390557321,"12":0.0366043024,"13":0.0347078472,"14":0.0347024176,"15":0.0335664052,"16":0.032376518,"17":0.0316950952,"18":0.0308971897,"19":0.0297775452,"20":0.028533721,"21":0.0285780966,"22":0.0276166802,"23":0.0268462969,"24":0.0271810482,"25":0.0274162014,"26":0.026543832,"27":0.0256742879,"28":0.0244334859,"29":0.0241038184},"sparse_categorical_accuracy":{"0":0.8843225837,"1":0.9858106375,"2":0.9876223207,"3":0.9878334999,"4":0.987811327,"5":0.9877850413,"6":0.9878174663,"7":0.9883548617,"8":0.9886900187,"9":0.9891073704,"10":0.9889959097,"11":0.989551723,"12":0.9900680184,"13":0.9905027747,"14":0.990499258,"15":0.990881443,"16":0.9909011126,"17":0.9911141992,"18":0.9913851023,"19":0.9916542768,"20":0.992010355,"21":0.9918624163,"22":0.9921782613,"23":0.9922929406,"24":0.9921969175,"25":0.9920126796,"26":0.9922924042,"27":0.992523253,"28":0.9928891659,"29":0.9928978682},"val_loss":{"0":0.6459737659,"1":0.1105338462,"2":0.0959047154,"3":0.0752800256,"4":0.0655815374,"5":0.1774965525,"6":0.1099288993,"7":0.0643154275,"8":0.0586858671,"9":0.0451148793,"10":0.0446107203,"11":0.0432755325,"12":0.0520726603,"13":0.0470654476,"14":0.0458189312,"15":0.0419447731,"16":0.0714265194,"17":0.0618451253,"18":0.041403679,"19":0.0346234968,"20":0.0345327817,"21":0.0348784979,"22":0.0334855784,"23":0.0374678768,"24":0.0338608252,"25":0.0980312653,"26":0.0341354582,"27":0.0325784259,"28":0.0378009671,"29":0.0320714705},"val_sparse_categorical_accuracy":{"0":0.7837606668,"1":0.9799515605,"2":0.982656002,"3":0.9842617512,"4":0.987216711,"5":0.9869533181,"6":0.9835882187,"7":0.9868192673,"8":0.9866734743,"9":0.9887850881,"10":0.9887695312,"11":0.9884203672,"12":0.985935092,"13":0.9860322475,"14":0.9887449145,"15":0.98928231,"16":0.9762727022,"17":0.9812511206,"18":0.9870424271,"19":0.9903979897,"20":0.9903861284,"21":0.9905318618,"22":0.9909473658,"23":0.990278244,"24":0.9903796911,"25":0.9640431404,"26":0.990703702,"27":0.9910197854,"28":0.9897536635,"29":0.9913797975}}