{"loss":{"0":0.1247058234,"1":0.0656446204,"2":0.0642790315,"3":0.0612312428,"4":0.0600644513,"5":0.0595242252,"6":0.0597918968,"7":0.0583767891,"8":0.0570024197,"9":0.058161613,"10":0.057711013,"11":0.0579804329,"12":0.0559365337,"13":0.0558534792,"14":0.054497668,"15":0.054068672,"16":0.0547047017,"17":0.0559080617,"18":0.0528929694,"19":0.0544624426,"20":0.0545529459,"21":0.0543410117,"22":0.0545865642,"23":0.0520884309,"24":0.0516940211,"25":0.0518925716,"26":0.0509359851,"27":0.0504553653,"28":0.0519150093,"29":0.051906327},"sparse_categorical_accuracy":{"0":0.9638614655,"1":0.9878550172,"2":0.9878552556,"3":0.9878564477,"4":0.9878563285,"5":0.9878579974,"6":0.9878594279,"7":0.9878591895,"8":0.9878596067,"9":0.9878591895,"10":0.9878595471,"11":0.9878594279,"12":0.9878598452,"13":0.9878792763,"14":0.987945497,"15":0.9880902767,"16":0.9881827235,"17":0.9877800941,"18":0.9881210327,"19":0.9881522059,"20":0.9881209135,"21":0.9882003069,"22":0.9885058403,"23":0.9886360765,"24":0.9886550903,"25":0.9886723161,"26":0.9886828661,"27":0.9889931083,"28":0.9887477756,"29":0.9886643291},"val_loss":{"0":0.0859562054,"1":0.0666706137,"2":0.0712462008,"3":0.0633824434,"4":0.0621461693,"5":0.0591167197,"6":0.0577620588,"7":0.1021227762,"8":0.0659765467,"9":0.0539917085,"10":0.0610408671,"11":0.0622619726,"12":0.0636441074,"13":0.0602972753,"14":0.0589258607,"15":0.0520016409,"16":0.0669200309,"17":0.0641050361,"18":0.0534183338,"19":0.0512940787,"20":0.0595916167,"21":0.0698500279,"22":0.0546431635,"23":0.0574909456,"24":0.056923677,"25":0.0492222229,"26":0.0576171026,"27":0.1640114322,"28":0.05071241,"29":0.0633968707},"val_sparse_categorical_accuracy":{"0":0.9877996445,"1":0.9878114462,"2":0.987817049,"3":0.9878185391,"4":0.9878185391,"5":0.987821579,"6":0.9878203869,"7":0.987821579,"8":0.9878216982,"9":0.9878213406,"10":0.9878183007,"11":0.987821579,"12":0.9878216982,"13":0.9878203869,"14":0.9878216982,"15":0.9882029295,"16":0.9878222346,"17":0.9878200293,"18":0.987688899,"19":0.9881728292,"20":0.9880363345,"21":0.9820386171,"22":0.9881520271,"23":0.9882612228,"24":0.9883838296,"25":0.9888180494,"26":0.9880371094,"27":0.9878216982,"28":0.9879140258,"29":0.9886984229}}