{"loss":{"0":0.1205857621,"1":0.0629249392,"2":0.059980754,"3":0.0549378618,"4":0.0523739315,"5":0.0508018473,"6":0.0500397033,"7":0.0492894973,"8":0.0483603721,"9":0.0461188725,"10":0.0468645478,"11":0.0453169874,"12":0.0457326381,"13":0.0434730251,"14":0.0428116419,"15":0.0424493645,"16":0.0440900406,"17":0.0432178412,"18":0.040400151,"19":0.0411799308,"20":0.0382581368,"21":0.0391243755,"22":0.038878138,"23":0.0358516031,"24":0.0376785523},"sparse_categorical_accuracy":{"0":0.9806624651,"1":0.9878453612,"2":0.9878547192,"3":0.9878553748,"4":0.9878564477,"5":0.9878576398,"6":0.987854898,"7":0.9878566861,"8":0.9878587723,"9":0.9878610373,"10":0.9878877401,"11":0.987891674,"12":0.9879351854,"13":0.9880967736,"14":0.9881372452,"15":0.9882172346,"16":0.9882631302,"17":0.988393724,"18":0.988883853,"19":0.9885545969,"20":0.9894583821,"21":0.9893351197,"22":0.9892898798,"23":0.9900732636,"24":0.9891566634},"val_loss":{"0":0.0793589815,"1":0.1077377722,"2":0.0601077776,"3":0.1257892691,"4":0.1094620645,"5":0.1184600227,"6":0.0698391188,"7":0.0501763925,"8":0.0637396831,"9":0.0479096729,"10":0.0557560321,"11":0.0445149817,"12":0.0521648102,"13":0.0430013046,"14":0.0529674469,"15":0.0798631605,"16":0.0760688696,"17":0.0457537223,"18":0.040783181,"19":0.0407610305,"20":0.0411420219,"21":0.0476410534,"22":0.0414737616,"23":0.0428473506,"24":0.0462358125},"val_sparse_categorical_accuracy":{"0":0.9876808524,"1":0.9878174663,"2":0.9878185391,"3":0.9878185391,"4":0.9878216982,"5":0.9878187776,"6":0.9878216982,"7":0.98781991,"8":0.9878279567,"9":0.9878242016,"10":0.987880826,"11":0.9879209995,"12":0.9878525734,"13":0.9883425832,"14":0.9882554412,"15":0.9878374934,"16":0.9878681302,"17":0.9888017178,"18":0.9891787767,"19":0.9889515042,"20":0.9891563058,"21":0.9881122708,"22":0.9894365072,"23":0.9894945025,"24":0.9884365201}}