{"loss":{"0":0.6272062349,"1":0.3204938791,"2":0.1091967165,"3":0.0632497948,"4":0.049422885,"5":0.0432985933,"6":0.0398870383,"7":0.0386808068,"8":0.0354459179,"9":0.0333428635,"10":0.0323514523,"11":0.0315232241,"12":0.0302118191,"13":0.0302602212,"14":0.0291937583,"15":0.0291822009,"16":0.0295510659,"17":0.0275013194,"18":0.0277434792,"19":0.0283780916,"20":0.0270620365,"21":0.0260185187,"22":0.0255238226,"23":0.026146264,"24":0.0258384627,"25":0.0244949526,"26":0.0237925538,"27":0.025590178,"28":0.025008351,"29":0.0231660926},"sparse_categorical_accuracy":{"0":0.8750147223,"1":0.9795608521,"2":0.9873321652,"3":0.9880027175,"4":0.9885642529,"5":0.9891833663,"6":0.9898064137,"7":0.9899532199,"8":0.9905696511,"9":0.9911493063,"10":0.9912930727,"11":0.991511941,"12":0.9917958379,"13":0.9917810559,"14":0.9918976426,"15":0.9920102358,"16":0.991861105,"17":0.9922328591,"18":0.9924006462,"19":0.9922129512,"20":0.9925176501,"21":0.9926872849,"22":0.9928120971,"23":0.9924769998,"24":0.9927000403,"25":0.993005693,"26":0.9931675792,"27":0.9927361608,"28":0.9928574562,"29":0.9933751225},"val_loss":{"0":0.5095808744,"1":0.2107000157,"2":0.0860965878,"3":0.0787853211,"4":0.084552145,"5":0.0581552558,"6":0.0560305294,"7":0.0522555366,"8":0.0539093059,"9":0.0542787531,"10":0.0581887577,"11":0.0505851634,"12":0.0521171404,"13":0.0523237683,"14":0.0382838944,"15":0.0464259535,"16":0.0383105431,"17":0.0389587864,"18":0.0410040403,"19":0.0417452849,"20":0.036365447,"21":0.0488441514,"22":0.0500065349,"23":0.0409073608,"24":0.0428193945,"25":0.0496093931,"26":0.0368929984,"27":0.0715611733,"28":0.036850436,"29":0.043306293},"val_sparse_categorical_accuracy":{"0":0.9042249918,"1":0.9649130106,"2":0.9842829704,"3":0.9859078526,"4":0.9866304398,"5":0.9879214764,"6":0.9881945252,"7":0.9883569479,"8":0.9887369871,"9":0.9880338311,"10":0.9878566861,"11":0.9880391955,"12":0.9880726337,"13":0.9884895086,"14":0.990224123,"15":0.9889213443,"16":0.990711391,"17":0.9904047251,"18":0.9896020889,"19":0.9891591668,"20":0.9907304645,"21":0.9889903665,"22":0.9890491366,"23":0.9901307821,"24":0.9894344211,"25":0.9887791872,"26":0.9901809096,"27":0.9772593379,"28":0.9906175137,"29":0.9899777174}}