{"loss":{"0":0.0522081889,"1":0.0237101223,"2":0.0204297192,"3":0.020055566,"4":0.0191401076,"5":0.0189249534,"6":0.0189315453,"7":0.0183738675,"8":0.0181874391,"9":0.0178010371,"10":0.0180129111,"11":0.0179316383,"12":0.0176404025,"13":0.0174949784,"14":0.0178675018,"15":0.0177782662,"16":0.0176060069,"17":0.0176549237,"18":0.01714205,"19":0.0169442538,"20":0.0174973495,"21":0.0176242404,"22":0.0172893126,"23":0.0168450568,"24":0.0176217686,"25":0.0168817528,"26":0.0175457802,"27":0.0173210669,"28":0.0164618958,"29":0.0167629477,"30":0.0162014086,"31":0.0164066758,"32":0.0163353812,"33":0.0158143826,"34":0.0161027964,"35":0.0165763721,"36":0.0159926601,"37":0.0157693997,"38":0.0156913716,"39":0.0156221921,"40":0.0156762991,"41":0.0153975524,"42":0.0155880265,"43":0.0153593076,"44":0.0154554937,"45":0.0156191811,"46":0.0153035764,"47":0.0153802726,"48":0.0151472287,"49":0.0154754426,"50":0.0152901411,"51":0.0150285605,"52":0.015103233,"53":0.0147961443,"54":0.0151559617,"55":0.0151589606,"56":0.0146719823,"57":0.0147689553,"58":0.014739221,"59":0.0150202438,"60":0.0159505066,"61":0.0150287114,"62":0.0150252217,"63":0.0147731844,"64":0.0156120537,"65":0.0152073931,"66":0.014930116,"67":0.0149888052,"68":0.0147531275,"69":0.0145008201,"70":0.0144314757,"71":0.0144029707,"72":0.0143809021,"73":0.0142885996,"74":0.0143884094,"75":0.0146902511,"76":0.0155911203,"77":0.0146549577,"78":0.0144093931,"79":0.0143409381},"sparse_categorical_accuracy":{"0":0.9213818908,"1":0.9833674431,"2":0.9872918129,"3":0.9877527952,"4":0.9878225923,"5":0.9878280163,"6":0.9878162742,"7":0.9878280163,"8":0.9878333807,"9":0.9878329635,"10":0.9878345728,"11":0.9878342748,"12":0.9878350496,"13":0.9878353477,"14":0.9878341556,"15":0.9878349304,"16":0.9878330827,"17":0.9878330827,"18":0.9878331423,"19":0.9878328443,"20":0.987834394,"21":0.9878337383,"22":0.9878377914,"23":0.9878427386,"24":0.9878478646,"25":0.9878496528,"26":0.9878478646,"27":0.9878470302,"28":0.9878439307,"29":0.9878474474,"30":0.9878484011,"31":0.9878488779,"32":0.987847209,"33":0.9878503084,"34":0.9877829552,"35":0.9878494143,"36":0.9878528118,"37":0.9879586697,"38":0.9880612493,"39":0.9881641865,"40":0.9881851673,"41":0.9882941246,"42":0.9882920384,"43":0.9883595705,"44":0.9883223176,"45":0.9881588817,"46":0.9882724881,"47":0.9883700013,"48":0.9884878397,"49":0.9882340431,"50":0.9884523749,"51":0.9885565639,"52":0.9887223244,"53":0.9889117479,"54":0.9885023236,"55":0.9889103174,"56":0.9891025424,"57":0.9889655709,"58":0.98891294,"59":0.9889197946,"60":0.988170743,"61":0.9886540174,"62":0.9888555408,"63":0.9890213609,"64":0.9879191518,"65":0.9882234931,"66":0.9888550043,"67":0.9888826609,"68":0.9889227152,"69":0.9892582297,"70":0.9892933965,"71":0.9893576503,"72":0.9893542528,"73":0.9894847274,"74":0.9893433452,"75":0.989040494,"76":0.9885850549,"77":0.989117682,"78":0.9892975688,"79":0.989475131},"val_loss":{"0":0.029320104,"1":0.0211079251,"2":0.0233993549,"3":0.0353091471,"4":0.0392933711,"5":0.0353565775,"6":0.0357570387,"7":0.0267332252,"8":0.025408959,"9":0.0204576757,"10":0.0337527059,"11":0.0219086111,"12":0.0275594033,"13":0.0276061315,"14":0.0201260746,"15":0.0210347995,"16":0.0323352069,"17":0.0237610042,"18":0.0217365995,"19":0.023812633,"20":0.0177321937,"21":0.0182742309,"22":0.0306735132,"23":0.0181012191,"24":0.0182884689,"25":0.028761331,"26":0.0180671252,"27":0.0229356308,"28":0.0205633137,"29":0.024821423,"30":0.0179806873,"31":0.0268110298,"32":0.0232356954,"33":0.0232475083,"34":0.0286165085,"35":0.0327090397,"36":0.0232651215,"37":0.0250268821,"38":0.0220622327,"39":0.0238546468,"40":0.022409929,"41":0.0211431496,"42":0.0227758922,"43":0.0214928519,"44":0.0194798149,"45":0.0151779484,"46":0.015882371,"47":0.0176176187,"48":0.0238241237,"49":0.0228454452,"50":0.0157440789,"51":0.0223560873,"52":0.0226495434,"53":0.0185712278,"54":0.0244041085,"55":0.0146812722,"56":0.0177151952,"57":0.0207367428,"58":0.0245160535,"59":0.0155943381,"60":0.0160122812,"61":0.0195793975,"62":0.0145668471,"63":0.0166571327,"64":0.0217470527,"65":0.0167426541,"66":0.0214251745,"67":0.0165258907,"68":0.0171915889,"69":0.0244374257,"70":0.0234191176,"71":0.0190427899,"72":0.0260119271,"73":0.0232889168,"74":0.014452938,"75":0.0160410348,"76":0.0148089612,"77":0.0230550319,"78":0.0213244893,"79":0.022634156},"val_sparse_categorical_accuracy":{"0":0.9806388617,"1":0.9860106707,"2":0.9877918959,"3":0.9878086448,"4":0.9878057241,"5":0.987811029,"6":0.9878088832,"7":0.9878131747,"8":0.9878088832,"9":0.9878088832,"10":0.9878081679,"11":0.9878090024,"12":0.9878121614,"13":0.9878095984,"14":0.9878061414,"15":0.9878088832,"16":0.9878088832,"17":0.9878068566,"18":0.987811923,"19":0.9878114462,"20":0.9878074527,"21":0.9877326488,"22":0.9878100753,"23":0.9878088832,"24":0.9878152609,"25":0.9878152013,"26":0.9878088832,"27":0.9878152609,"28":0.9878132939,"29":0.9878058434,"30":0.9878100753,"31":0.9878090024,"32":0.9878092408,"33":0.9878147244,"34":0.9878121614,"35":0.9878152609,"36":0.9878159761,"37":0.987840414,"38":0.9878470302,"39":0.9879184365,"40":0.9884595871,"41":0.9885350466,"42":0.9881077409,"43":0.9882082939,"44":0.9886755347,"45":0.9881023169,"46":0.9873548746,"47":0.988648653,"48":0.9883415699,"49":0.9884009361,"50":0.9876405001,"51":0.9889630079,"52":0.988863647,"53":0.98897475,"54":0.9887379408,"55":0.9889850616,"56":0.9881090522,"57":0.9891135097,"58":0.9883437753,"59":0.988345027,"60":0.9882390499,"61":0.9888311028,"62":0.9887949824,"63":0.9886500835,"64":0.9878450036,"65":0.9888084531,"66":0.9888757467,"67":0.9842083454,"68":0.9891190529,"69":0.9891402125,"70":0.989097774,"71":0.989051342,"72":0.9891679883,"73":0.9891497493,"74":0.9891188145,"75":0.9879485369,"76":0.9889962673,"77":0.9889431596,"78":0.9891529083,"79":0.9891589284}}