{"loss":{"0":0.1435180902,"1":0.040359363,"2":0.0265233796,"3":0.0226992425,"4":0.0164037235,"5":0.0148406224,"6":0.0132548399,"7":0.0128341792,"8":0.0123448111,"9":0.0121285329,"10":0.0120360106,"11":0.0119335251,"12":0.0118182423,"13":0.0116895624,"14":0.0116047366,"15":0.0115230605,"16":0.0114681479,"17":0.0114383129,"18":0.0113108093,"19":0.0112871118,"20":0.0112383952,"21":0.0113046402,"22":0.0110891173,"23":0.0110337278,"24":0.010903622,"25":0.0109775718,"26":0.0108466083,"27":0.0107343635,"28":0.010657791,"29":0.0106189996},"sparse_categorical_accuracy":{"0":0.7687728405,"1":0.9740237594,"2":0.9829698205,"3":0.9809935093,"4":0.9841219783,"5":0.9853514433,"6":0.9864492416,"7":0.9867887497,"8":0.9869011045,"9":0.9870146513,"10":0.9870562553,"11":0.9870132208,"12":0.9870897532,"13":0.9869410396,"14":0.9871821404,"15":0.9872437119,"16":0.9873290658,"17":0.9872093797,"18":0.9874200225,"19":0.9873239994,"20":0.9872899652,"21":0.9874001145,"22":0.9873648882,"23":0.98741889,"24":0.9874050617,"25":0.9874248505,"26":0.9874337316,"27":0.9874470234,"28":0.9875016212,"29":0.9874626994},"val_loss":{"0":0.076367639,"1":0.0281917602,"2":0.0221946426,"3":0.0180122629,"4":0.0154256476,"5":0.0138846394,"6":0.0128622781,"7":0.0122733563,"8":0.0118227564,"9":0.0115182586,"10":0.0113597345,"11":0.0113262581,"12":0.011258089,"13":0.0112248594,"14":0.0111776525,"15":0.0111538805,"16":0.0110784005,"17":0.0110741388,"18":0.0110473381,"19":0.0110705253,"20":0.0109249074,"21":0.0116938679,"22":0.011169306,"23":0.0112003107,"24":0.0110654328,"25":0.0109197926,"26":0.0109103955,"27":0.0108198924,"28":0.0105599882,"29":0.0113842236},"val_sparse_categorical_accuracy":{"0":0.9820884466,"1":0.980689466,"2":0.9841577411,"3":0.9841982126,"4":0.9841850996,"5":0.98421067,"6":0.9842116237,"7":0.9841976166,"8":0.9848631024,"9":0.9874240756,"10":0.9877297282,"11":0.9877847433,"12":0.9878025651,"13":0.9877816439,"14":0.9878037572,"15":0.987804234,"16":0.9878006577,"17":0.9878130555,"18":0.9878098369,"19":0.9878121018,"20":0.9878052473,"21":0.987673521,"22":0.9878118038,"23":0.9878104925,"24":0.9878134131,"25":0.9878135324,"26":0.9878121614,"27":0.9878163338,"28":0.9878134131,"29":0.9878130555}}