{"loss":{"0":0.0404414758,"1":0.0227201506,"2":0.0202839151,"3":0.0195250921,"4":0.0189345554,"5":0.0185253881,"6":0.0180899017,"7":0.0177914593,"8":0.0174503662,"9":0.0174482856,"10":0.0175246503,"11":0.0171197075,"12":0.0168756843,"13":0.0172244627,"14":0.0177209154,"15":0.0167352408,"16":0.0166042075,"17":0.0169074778,"18":0.0167361218,"19":0.0164192468,"20":0.0170233324,"21":0.0165874213,"22":0.0160724521,"23":0.0165513083,"24":0.0163851604,"25":0.0160478316,"26":0.016099127,"27":0.0158009697,"28":0.0161793865,"29":0.016009625,"30":0.0158897825,"31":0.0155564779,"32":0.0155279394,"33":0.0154601773,"34":0.0153136812,"35":0.0155059015,"36":0.015373948,"37":0.0154101048,"38":0.0156111,"39":0.0150547531,"40":0.0151122045,"41":0.0152223567,"42":0.0151056834,"43":0.0154012237,"44":0.0179411694,"45":0.0165545121,"46":0.0161781926,"47":0.0161263235,"48":0.0154007562,"49":0.0151312631,"50":0.0151801426,"51":0.0150622828,"52":0.0147866514,"53":0.0145710567,"54":0.014588289,"55":0.0145391738,"56":0.014360507,"57":0.0144629171,"58":0.014408635,"59":0.0144721493,"60":0.0144945662,"61":0.0142820543,"62":0.0141757028,"63":0.0141178705,"64":0.0140830595,"65":0.0147772161,"66":0.0141443769,"67":0.0142443981,"68":0.0141192246,"69":0.0142773399,"70":0.014081019,"71":0.0138541991,"72":0.0137923006,"73":0.0139069604,"74":0.0137526561,"75":0.0137683582,"76":0.0135156447,"77":0.0137379495,"78":0.0135877505,"79":0.01360041,"80":0.0137936901,"81":0.013714049,"82":0.0147609469,"83":0.0141176106,"84":0.0137020005,"85":0.0138043268,"86":0.0136554204,"87":0.0139726931,"88":0.013322603,"89":0.0133691235,"90":0.013257646,"91":0.0133778797,"92":0.0134081161,"93":0.0133339828,"94":0.0132247675,"95":0.0130685009,"96":0.012995461,"97":0.0131236063,"98":0.0132808816,"99":0.0130530028},"sparse_categorical_accuracy":{"0":0.9606182575,"1":0.9832209349,"2":0.9872882962,"3":0.9878376722,"4":0.9878429174,"5":0.987844348,"6":0.9878488779,"7":0.98785007,"8":0.9878534675,"9":0.9878512025,"10":0.9878503084,"11":0.9878487587,"12":0.987855792,"13":0.9878546,"14":0.9878535867,"15":0.9878544807,"16":0.9878526926,"17":0.9878560901,"18":0.9878461361,"19":0.987859726,"20":0.9878589511,"21":0.9877730608,"22":0.9878611565,"23":0.987865448,"24":0.9878770709,"25":0.9879022241,"26":0.9878864288,"27":0.9879933,"28":0.9877166152,"29":0.9878619313,"30":0.9878676534,"31":0.9880465269,"32":0.9882056713,"33":0.9882133603,"34":0.9885172844,"35":0.9881150723,"36":0.9882425666,"37":0.9883300066,"38":0.9883753657,"39":0.9888365269,"40":0.9887496233,"41":0.9884770513,"42":0.9887744784,"43":0.988194406,"44":0.9878564477,"45":0.9878582954,"46":0.9878559113,"47":0.9878844619,"48":0.9884100556,"49":0.9885703325,"50":0.988487184,"51":0.9889310598,"52":0.9891117215,"53":0.9892111421,"54":0.9891998172,"55":0.9894203544,"56":0.989492178,"57":0.989348948,"58":0.9894939065,"59":0.9892619848,"60":0.9890783429,"61":0.9896262884,"62":0.9895452261,"63":0.9895964861,"64":0.9896250963,"65":0.9890472889,"66":0.9894138575,"67":0.9895594716,"68":0.9895990491,"69":0.9893544316,"70":0.9896423221,"71":0.9897823334,"72":0.9897309542,"73":0.9897828698,"74":0.9897019267,"75":0.9896729589,"76":0.9899354577,"77":0.9896940589,"78":0.9899051189,"79":0.9898897409,"80":0.9897833467,"81":0.9898503423,"82":0.9890883565,"83":0.9895350933,"84":0.9898394346,"85":0.9898045063,"86":0.9898388982,"87":0.9894858003,"88":0.9899766445,"89":0.9898908138,"90":0.9900081158,"91":0.9899628758,"92":0.9899446368,"93":0.9899636507,"94":0.9900909662,"95":0.9901333451,"96":0.9901601076,"97":0.9899657369,"98":0.989977181,"99":0.9900728464},"val_loss":{"0":0.0315510035,"1":0.0231510233,"2":0.021752283,"3":0.0207896233,"4":0.0242458228,"5":0.0372528061,"6":0.0337316655,"7":0.0345089398,"8":0.033617001,"9":0.0337301306,"10":0.0186179485,"11":0.020010272,"12":0.0196714476,"13":0.0195381213,"14":0.026045613,"15":0.0177020058,"16":0.0189125556,"17":0.0364534259,"18":0.0322869569,"19":0.0230123959,"20":0.0244333465,"21":0.0224375129,"22":0.0219965577,"23":0.0192200541,"24":0.0195756555,"25":0.0264378451,"26":0.0259078443,"27":0.0218874719,"28":0.0265197773,"29":0.0162131488,"30":0.0234939158,"31":0.0196619518,"32":0.0199170839,"33":0.0198197681,"34":0.0151749505,"35":0.0233631954,"36":0.0245157667,"37":0.0169481859,"38":0.0190442782,"39":0.0241259392,"40":0.0228653755,"41":0.0195780247,"42":0.016382372,"43":0.0325115845,"44":0.017388938,"45":0.0220705494,"46":0.0164034031,"47":0.015878778,"48":0.0173021071,"49":0.0185976122,"50":0.0153387375,"51":0.0287390668,"52":0.0250997506,"53":0.0275031757,"54":0.0153361782,"55":0.0197394937,"56":0.0231679734,"57":0.0202621799,"58":0.0174811073,"59":0.0155274039,"60":0.0236398261,"61":0.0203492027,"62":0.0156904683,"63":0.0156146921,"64":0.0210071728,"65":0.020733377,"66":0.0269810539,"67":0.0150892232,"68":0.0204940401,"69":0.0152670527,"70":0.0201295447,"71":0.0189712588,"72":0.0232389215,"73":0.0190133117,"74":0.0164952148,"75":0.0170220472,"76":0.0221716501,"77":0.0202758443,"78":0.0200019535,"79":0.0151403314,"80":0.0159073472,"81":0.0251075383,"82":0.0165314898,"83":0.0197845008,"84":0.0157019049,"85":0.0206523333,"86":0.0208809339,"87":0.0163876675,"88":0.016188642,"89":0.0149076032,"90":0.0149107464,"91":0.0147418864,"92":0.0208956022,"93":0.0205588993,"94":0.0203227196,"95":0.0175040606,"96":0.020657517,"97":0.0251316894,"98":0.0234242845,"99":0.0146908173},"val_sparse_categorical_accuracy":{"0":0.9825811982,"1":0.9849569201,"2":0.9878083467,"3":0.9878108501,"4":0.9878090024,"5":0.987814486,"6":0.9878185391,"7":0.9878216982,"8":0.9878209233,"9":0.9878197908,"10":0.9878185391,"11":0.9878216982,"12":0.9878211021,"13":0.9878195524,"14":0.9878216982,"15":0.9878196716,"16":0.9878185391,"17":0.9878216982,"18":0.9878216982,"19":0.9878165722,"20":0.9878216982,"21":0.9878216982,"22":0.9878216982,"23":0.9878216982,"24":0.9878201485,"25":0.9878465533,"26":0.9879344106,"27":0.9879476428,"28":0.9878216982,"29":0.9878216982,"30":0.9878396988,"31":0.9881598353,"32":0.9883933663,"33":0.9885101914,"34":0.9885309935,"35":0.9881826043,"36":0.9878588319,"37":0.9885796309,"38":0.9882329106,"39":0.9882971644,"40":0.9881766438,"41":0.9884287119,"42":0.9886912107,"43":0.9878216982,"44":0.9878216982,"45":0.9878216982,"46":0.9878212214,"47":0.9881807566,"48":0.9884391427,"49":0.9878230691,"50":0.9883536696,"51":0.9883681536,"52":0.9886946082,"53":0.988640666,"54":0.9888299704,"55":0.9891462326,"56":0.9882587194,"57":0.9884812236,"58":0.9884818196,"59":0.9882794023,"60":0.9890207648,"61":0.9890899062,"62":0.9888753891,"63":0.989055872,"64":0.9892503619,"65":0.9890828133,"66":0.9885511994,"67":0.9886006117,"68":0.9893128872,"69":0.989238739,"70":0.9889364243,"71":0.9892373681,"72":0.9892231822,"73":0.989331007,"74":0.9890730381,"75":0.9894235134,"76":0.9890989661,"77":0.9891878366,"78":0.9894204736,"79":0.988540709,"80":0.9892814159,"81":0.9882979989,"82":0.9892525673,"83":0.9892629385,"84":0.9895688891,"85":0.9895083308,"86":0.9884034991,"87":0.988779068,"88":0.9894337654,"89":0.989507556,"90":0.9887729287,"91":0.9890868664,"92":0.98904562,"93":0.9894257188,"94":0.9893168211,"95":0.9893686771,"96":0.9890392423,"97":0.9893918633,"98":0.9891266227,"99":0.9893482327}}