{"loss":{"0":0.0517363288,"1":0.0273063667,"2":0.0237372834,"3":0.0220261142,"4":0.0213554129,"5":0.0196979195,"6":0.0186464842,"7":0.0184502453,"8":0.0172035936,"9":0.0175570361,"10":0.016207356,"11":0.0158354118,"12":0.014797437,"13":0.0138490573,"14":0.0133136213,"15":0.0135573801,"16":0.013245251,"17":0.012215957,"18":0.0122920666,"19":0.012397333,"20":0.0122165428,"21":0.0119177233,"22":0.0118275601,"23":0.0121327117,"24":0.0110860933,"25":0.0120674614,"26":0.0109438011,"27":0.0120665925,"28":0.0106094386,"29":0.0105606485,"30":0.0104088159,"31":0.0106285037,"32":0.0111285979,"33":0.0107590044,"34":0.0103517547,"35":0.0098446049,"36":0.0098752864,"37":0.009746654,"38":0.0096793352,"39":0.0100823706,"40":0.0094132395,"41":0.0092480294,"42":0.0093573937,"43":0.0093884161,"44":0.0095816841,"45":0.0092610996,"46":0.0090449359,"47":0.0099928118,"48":0.009167023,"49":0.008602187,"50":0.0081787892,"51":0.0087518431,"52":0.0084679117,"53":0.008021391,"54":0.0083563318,"55":0.0083475038,"56":0.0078986334,"57":0.0076953801,"58":0.0077318549,"59":0.0078484165},"sparse_categorical_accuracy":{"0":0.9742051363,"1":0.9808608294,"2":0.9808609486,"3":0.9808607101,"4":0.9811635017,"5":0.9838762879,"6":0.9842992425,"7":0.9853405952,"8":0.9858673215,"9":0.986851871,"10":0.9878142476,"11":0.9878383279,"12":0.9878919125,"13":0.9880174398,"14":0.988301456,"15":0.9882761836,"16":0.9883089066,"17":0.9888401628,"18":0.9888896942,"19":0.9890140891,"20":0.9888408184,"21":0.9891998172,"22":0.9890835285,"23":0.9889625907,"24":0.9896161556,"25":0.9888283014,"26":0.9897162318,"27":0.9891777635,"28":0.9900204539,"29":0.9902029634,"30":0.9899403453,"31":0.990214467,"32":0.9897909164,"33":0.990160048,"34":0.9902443886,"35":0.9907540679,"36":0.9909492135,"37":0.9907746911,"38":0.9908221364,"39":0.9906263351,"40":0.9912211299,"41":0.991121769,"42":0.9910538793,"43":0.9910920858,"44":0.9907826185,"45":0.9912105203,"46":0.9914050102,"47":0.9907806516,"48":0.9912301302,"49":0.9917966127,"50":0.99182266,"51":0.9916796684,"52":0.9919772148,"53":0.9922807217,"54":0.991762042,"55":0.9920217991,"56":0.99234128,"57":0.9923889041,"58":0.9924077988,"59":0.9923390746},"val_loss":{"0":0.0278173238,"1":0.0245087948,"2":0.021950217,"3":0.0214255806,"4":0.0205862802,"5":0.0185001511,"6":0.0193486456,"7":0.0182641875,"8":0.0167891234,"9":0.0170685556,"10":0.0164513085,"11":0.0160389207,"12":0.0142042879,"13":0.0129925832,"14":0.0139967604,"15":0.0136226453,"16":0.0122574819,"17":0.0122991446,"18":0.0119965859,"19":0.0119371563,"20":0.0114174839,"21":0.0114734136,"22":0.0155144222,"23":0.0110498685,"24":0.0117425723,"25":0.0121397506,"26":0.0120814061,"27":0.0114300819,"28":0.0118256807,"29":0.0113254339,"30":0.010638481,"31":0.0104323868,"32":0.0110965325,"33":0.011173117,"34":0.0136345867,"35":0.010563653,"36":0.0096600978,"37":0.0107906647,"38":0.0128464187,"39":0.010342991,"40":0.0112290941,"41":0.0107987039,"42":0.0098735671,"43":0.010449864,"44":0.0096316738,"45":0.0105776154,"46":0.0118828816,"47":0.0111794453,"48":0.0099513913,"49":0.0096434886,"50":0.0107443659,"51":0.009963342,"52":0.0089775724,"53":0.0094166053,"54":0.0091690263,"55":0.008990326,"56":0.0092994738,"57":0.0102069443,"58":0.0104351304,"59":0.0098639345},"val_sparse_categorical_accuracy":{"0":0.9806388617,"1":0.9806388617,"2":0.9806388617,"3":0.9806388617,"4":0.9825853705,"5":0.9842271805,"6":0.9842299223,"7":0.9858324528,"8":0.9858722687,"9":0.9878044724,"10":0.9878101945,"11":0.9877940416,"12":0.9879080057,"13":0.9886680245,"14":0.9871091247,"15":0.9887079597,"16":0.9891029596,"17":0.988889575,"18":0.9893453121,"19":0.9894471169,"20":0.9893289208,"21":0.9895566702,"22":0.9822821021,"23":0.9894722104,"24":0.9883119464,"25":0.9892007709,"26":0.9890270233,"27":0.9895266891,"28":0.9880116582,"29":0.9899336696,"30":0.9901703596,"31":0.9905107021,"32":0.9896637201,"33":0.9892398119,"34":0.9864733815,"35":0.990278542,"36":0.9910425544,"37":0.9895297289,"38":0.9872626662,"39":0.9901283979,"40":0.9881815314,"41":0.989910543,"42":0.9906787276,"43":0.9909517169,"44":0.990965426,"45":0.9901626706,"46":0.9897968769,"47":0.990309,"48":0.9905626774,"49":0.9904914498,"50":0.9886597991,"51":0.9911928177,"52":0.9914399385,"53":0.9914063811,"54":0.9913256168,"55":0.9915494323,"56":0.9913336635,"57":0.9908554554,"58":0.9895126224,"59":0.9911364913}}