{"loss":{"0":0.0446600318,"1":0.0194021575,"2":0.0168133471,"3":0.0161715802,"4":0.0151524497,"5":0.0156292003,"6":0.0147920009,"7":0.0141357211,"8":0.0138508752,"9":0.01339998,"10":0.0131265102,"11":0.0132577568,"12":0.0122674806,"13":0.0120574953,"14":0.0121589471,"15":0.0115488693,"16":0.0108861374,"17":0.0111650722,"18":0.0111062182,"19":0.0108969547,"20":0.0103014912,"21":0.0100037372,"22":0.0107462155,"23":0.009856821,"24":0.0096613988,"25":0.0092068175,"26":0.0093152653,"27":0.0089456476,"28":0.0090082008,"29":0.0090865232,"30":0.0091086309,"31":0.0090917572,"32":0.0082123214,"33":0.0080148745,"34":0.0078861685,"35":0.0080781281,"36":0.0081386603,"37":0.0079731243,"38":0.0076077869,"39":0.007506805,"40":0.0073437742,"41":0.0073057394,"42":0.0071770996,"43":0.0073924167,"44":0.0071909851,"45":0.0073665348,"46":0.0068087741,"47":0.0064657223,"48":0.0066366741,"49":0.0063874773,"50":0.0065177698,"51":0.0061150203,"52":0.0064122886,"53":0.0063058878,"54":0.0073813302,"55":0.0066751521,"56":0.0063359048,"57":0.0060857437,"58":0.0055021085,"59":0.0056656911,"60":0.0058121085,"61":0.0056539276,"62":0.0055679786,"63":0.0051992512,"64":0.0052286615,"65":0.0054179844,"66":0.0052409549,"67":0.0054903692,"68":0.0050144587,"69":0.004943239,"70":0.005048342,"71":0.004971215,"72":0.0048134709,"73":0.0044381889,"74":0.0044894926,"75":0.0044727465,"76":0.0045748465,"77":0.006595111,"78":0.0052345558,"79":0.0046863952},"sparse_categorical_accuracy":{"0":0.955994606,"1":0.9860856533,"2":0.9878078103,"3":0.9878263474,"4":0.9878367782,"5":0.9878334999,"6":0.9878383279,"7":0.987847209,"8":0.9878470302,"9":0.9878960848,"10":0.9880595207,"11":0.9881481528,"12":0.9886038303,"13":0.9886879325,"14":0.9886834025,"15":0.988792479,"16":0.9895398617,"17":0.9894040823,"18":0.9894430041,"19":0.9895594716,"20":0.9901565909,"21":0.9904344678,"22":0.9896200299,"23":0.9903917313,"24":0.9906823635,"25":0.9909317493,"26":0.9909512997,"27":0.9911851287,"28":0.9912384152,"29":0.9910328984,"30":0.9911817312,"31":0.9911964536,"32":0.9919009805,"33":0.9919053316,"34":0.9921140075,"35":0.9918394685,"36":0.9919283986,"37":0.9918661714,"38":0.9922750592,"39":0.9923531413,"40":0.9923967123,"41":0.9925349951,"42":0.9926056266,"43":0.9924287796,"44":0.9924909472,"45":0.9922590852,"46":0.9928916097,"47":0.9931386709,"48":0.9931236506,"49":0.9930735826,"50":0.9929497838,"51":0.9934328198,"52":0.993070066,"53":0.9932499528,"54":0.9922373891,"55":0.9929536581,"56":0.993242681,"57":0.9933116436,"58":0.9938073158,"59":0.993714273,"60":0.9933895469,"61":0.9936664104,"62":0.9938361645,"63":0.993971169,"64":0.9939805269,"65":0.993904829,"66":0.9939050674,"67":0.9937484264,"68":0.9940363169,"69":0.9941889644,"70":0.9941607118,"71":0.9942076206,"72":0.9943563342,"73":0.9947261214,"74":0.9944971204,"75":0.9945172071,"76":0.9945482016,"77":0.9928721189,"78":0.9937495589,"79":0.9944194555},"val_loss":{"0":0.0257121138,"1":0.0270148274,"2":0.0329369232,"3":0.036885161,"4":0.035212826,"5":0.0572501868,"6":0.0296336021,"7":0.0271833707,"8":0.0212730933,"9":0.0168340169,"10":0.0274333563,"11":0.0136500224,"12":0.0203461777,"13":0.0135757318,"14":0.0132523309,"15":0.0147737153,"16":0.0123872571,"17":0.0131298602,"18":0.0170072056,"19":0.021317577,"20":0.0157078225,"21":0.0120323189,"22":0.0134754581,"23":0.0191214941,"24":0.0110828495,"25":0.0109020118,"26":0.0138576394,"27":0.0093603814,"28":0.0101336204,"29":0.0100855771,"30":0.0108202249,"31":0.010122804,"32":0.0119397724,"33":0.0114064589,"34":0.0114306659,"35":0.0109474128,"36":0.0102239633,"37":0.0097716535,"38":0.0108738635,"39":0.0111673037,"40":0.0102067785,"41":0.0090551591,"42":0.0089021828,"43":0.0196172651,"44":0.0083369343,"45":0.0093863327,"46":0.0094738351,"47":0.0104005598,"48":0.0115726134,"49":0.0092032952,"50":0.0117318956,"51":0.0093504246,"52":0.0132213617,"53":0.0100560039,"54":0.0095317662,"55":0.0075064404,"56":0.0132027054,"57":0.0090262406,"58":0.0073601543,"59":0.0076549426,"60":0.0084908111,"61":0.0101754805,"62":0.0157490075,"63":0.0073253587,"64":0.008606296,"65":0.0079530925,"66":0.0111774243,"67":0.0089746928,"68":0.0076517048,"69":0.0071166381,"70":0.0081997607,"71":0.0113383587,"72":0.0083783465,"73":0.0094344113,"74":0.0080972556,"75":0.0077915941,"76":0.0105772475,"77":0.0095185833,"78":0.0086328089,"79":0.0098590441},"val_sparse_categorical_accuracy":{"0":0.9806482196,"1":0.9877929688,"2":0.9878015518,"3":0.9878085852,"4":0.9878070354,"5":0.9878112674,"6":0.9878127575,"7":0.9878135324,"8":0.9878152609,"9":0.9878256321,"10":0.9878185391,"11":0.9881178737,"12":0.9878417253,"13":0.9888066649,"14":0.9878575802,"15":0.9893186092,"16":0.9891058207,"17":0.9883828163,"18":0.9885057211,"19":0.9886778593,"20":0.9896566868,"21":0.9902121425,"22":0.990369916,"23":0.9896783233,"24":0.9899677038,"25":0.9907585382,"26":0.9893986583,"27":0.9909342527,"28":0.9904698133,"29":0.9904295802,"30":0.9902722836,"31":0.9907859564,"32":0.9906933904,"33":0.991063416,"34":0.9898667336,"35":0.9909980297,"36":0.9906278253,"37":0.9911741018,"38":0.9907920957,"39":0.9904585481,"40":0.9912170172,"41":0.9914642572,"42":0.9918131232,"43":0.9890380502,"44":0.9917626977,"45":0.991773665,"46":0.9917659163,"47":0.9920522571,"48":0.9909918904,"49":0.9919838905,"50":0.9916413426,"51":0.9915964603,"52":0.9899641871,"53":0.9911978841,"54":0.9922294021,"55":0.9925451279,"56":0.9910273552,"57":0.9919567108,"58":0.9925966263,"59":0.9925153255,"60":0.9926918149,"61":0.9916943312,"62":0.9905491471,"63":0.992308557,"64":0.9921372533,"65":0.9928452969,"66":0.9921159744,"67":0.9893662333,"68":0.9928559065,"69":0.993450284,"70":0.9924516082,"71":0.9916598201,"72":0.9929772019,"73":0.9923772216,"74":0.992116034,"75":0.9926276803,"76":0.9911727309,"77":0.9924063087,"78":0.9921483994,"79":0.9926528931}}