{"loss":{"0":0.0396716669,"1":0.0232853293,"2":0.0217571072,"3":0.020048108,"4":0.0179780219,"5":0.0171609186,"6":0.0163365062,"7":0.0163773093,"8":0.0152884023,"9":0.0147419292,"10":0.0144748939,"11":0.0136809088,"12":0.013579716,"13":0.0134196905,"14":0.0125794318,"15":0.0126629816,"16":0.0120961666,"17":0.0128809605,"18":0.0122830169,"19":0.0114597091,"20":0.0115438253,"21":0.011595252,"22":0.0109346928,"23":0.0109707331,"24":0.0107642049,"25":0.0108944504,"26":0.011152993,"27":0.010428803,"28":0.0100487266,"29":0.0097670658,"30":0.0106622754,"31":0.0101683717,"32":0.0093492744,"33":0.0094539784,"34":0.0097489441,"35":0.0089985598,"36":0.0090437848,"37":0.0086941523,"38":0.00853799,"39":0.0082658827},"sparse_categorical_accuracy":{"0":0.9617009163,"1":0.980903089,"2":0.9821662903,"3":0.9843198657,"4":0.9860731959,"5":0.9863897562,"6":0.9877380729,"7":0.9878175855,"8":0.9878255725,"9":0.9878373146,"10":0.9878444672,"11":0.9879684448,"12":0.9878737926,"13":0.9880925417,"14":0.9886482954,"15":0.988556385,"16":0.9888986945,"17":0.988574028,"18":0.988889873,"19":0.9893155694,"20":0.9890552759,"21":0.9895950556,"22":0.989931047,"23":0.9895231724,"24":0.9900246263,"25":0.9900885224,"26":0.9897053242,"27":0.9904299974,"28":0.9908063412,"29":0.9905741811,"30":0.9902424216,"31":0.9904646873,"32":0.9909880161,"33":0.9906221628,"34":0.990745306,"35":0.9912672639,"36":0.991355896,"37":0.9916052222,"38":0.9916912913,"39":0.9919961691},"val_loss":{"0":0.0235911664,"1":0.0212992281,"2":0.0195945632,"3":0.020251926,"4":0.0165015496,"5":0.0169901811,"6":0.0171294101,"7":0.0149317654,"8":0.0151770571,"9":0.0186757706,"10":0.0218063872,"11":0.0140372664,"12":0.0150241833,"13":0.016175298,"14":0.0138141839,"15":0.0149486745,"16":0.0128943715,"17":0.0163003299,"18":0.0120152142,"19":0.0129251881,"20":0.0162555147,"21":0.0147511959,"22":0.0117440233,"23":0.0113414433,"24":0.0156428274,"25":0.0133992285,"26":0.0125364168,"27":0.0116107743,"28":0.0103684096,"29":0.0095989453,"30":0.0124941943,"31":0.0119231455,"32":0.0107704159,"33":0.0108249616,"34":0.0105387904,"35":0.0103421062,"36":0.0105405748,"37":0.0098591065,"38":0.0104807112,"39":0.0096137505},"val_sparse_categorical_accuracy":{"0":0.9806388617,"1":0.9806833863,"2":0.9826000333,"3":0.9860979319,"4":0.9861745238,"5":0.9877839088,"6":0.9878053069,"7":0.9878023863,"8":0.9878132939,"9":0.9878111482,"10":0.9871839285,"11":0.9878837466,"12":0.9878028631,"13":0.986707449,"14":0.9878256917,"15":0.9853660464,"16":0.9868432283,"17":0.9884907603,"18":0.9892564416,"19":0.9867394567,"20":0.9767544866,"21":0.9823665619,"22":0.9876428246,"23":0.9896396399,"24":0.9805511832,"25":0.9877162576,"26":0.9860697985,"27":0.9881332517,"28":0.990183115,"29":0.9909318686,"30":0.9865761995,"31":0.9872910976,"32":0.9897233248,"33":0.9898311496,"34":0.9899436831,"35":0.9901283383,"36":0.9896494746,"37":0.9906219244,"38":0.9898732305,"39":0.9897525311}}