{"loss":{"0":0.1253946871,"1":0.0337005369,"2":0.015252931,"3":0.0163362119,"4":0.0134757198,"5":0.0128330858,"6":0.0124628339,"7":0.0121561652,"8":0.0118895955,"9":0.011788738,"10":0.0117171304,"11":0.011565296,"12":0.0113520129,"13":0.0113645541,"14":0.0154071441,"15":0.0125427004,"16":0.0121504273,"17":0.0117958989,"18":0.0117187863,"19":0.011577934},"sparse_categorical_accuracy":{"0":0.6762325764,"1":0.9699154496,"2":0.9808088541,"3":0.9799223542,"4":0.9821833372,"5":0.9830989242,"6":0.9837278128,"7":0.9839559197,"8":0.9841806293,"9":0.9841583967,"10":0.9845917821,"11":0.984909296,"12":0.9853289127,"13":0.9854275584,"14":0.98274225,"15":0.9846685529,"16":0.9855465293,"17":0.9857535362,"18":0.9859492183,"19":0.9865310788},"val_loss":{"0":0.0307526402,"1":0.0177069921,"2":0.0140044894,"3":0.0143471491,"4":0.0134725384,"5":0.012855228,"6":0.0126863569,"7":0.0125340363,"8":0.0133122122,"9":0.0126214111,"10":0.0117791537,"11":0.0146510145,"12":0.0123074194,"13":0.0141938506,"14":0.0442715324,"15":0.0117220692,"16":0.0119508086,"17":0.0116415936,"18":0.0116322618,"19":0.012667045},"val_sparse_categorical_accuracy":{"0":0.9806405902,"1":0.9806388617,"2":0.9806388617,"3":0.9806388617,"4":0.9806388617,"5":0.9817632437,"6":0.983764708,"7":0.9836191535,"8":0.9838697314,"9":0.984069407,"10":0.9842367172,"11":0.9842201471,"12":0.9843757153,"13":0.9829229116,"14":0.9839558601,"15":0.9844070673,"16":0.9855384231,"17":0.9861137867,"18":0.986199379,"19":0.9858484864}}