{"loss":{"0":0.0366208479,"1":0.0233326983,"2":0.0204275139,"3":0.0194600914,"4":0.0190637838,"5":0.0182616748,"6":0.0185118672,"7":0.0179607198,"8":0.0175122954,"9":0.0177656766,"10":0.0174272005,"11":0.0184563734,"12":0.0180333965,"13":0.0177507177,"14":0.0171803571,"15":0.017073499,"16":0.0169897899,"17":0.0167798176,"18":0.0167077146,"19":0.0170389377,"20":0.0169969983,"21":0.0167664643,"22":0.0163954124,"23":0.016469771,"24":0.0161563102,"25":0.0160827134,"26":0.0162175931,"27":0.0159303751,"28":0.0161679238,"29":0.0164978895,"30":0.0161052085,"31":0.0158427823,"32":0.0156477988,"33":0.0161422733,"34":0.0159219578,"35":0.0158025678,"36":0.0159680825,"37":0.0161324833,"38":0.0159225669,"39":0.0161532387,"40":0.0154645359,"41":0.0156136146,"42":0.0159015432,"43":0.0160791948,"44":0.0157580208,"45":0.015434755,"46":0.0164745525,"47":0.0157310516,"48":0.015483086,"49":0.0151402848,"50":0.0152868805,"51":0.0151517037,"52":0.0150000164,"53":0.0154427029,"54":0.0150209945,"55":0.0147385458,"56":0.0147777377,"57":0.0148515487,"58":0.0148561122,"59":0.0158463828},"sparse_categorical_accuracy":{"0":0.9759668112,"1":0.9825050235,"2":0.9874199033,"3":0.9878004193,"4":0.9878147244,"5":0.9878301024,"6":0.9878290892,"7":0.9878334999,"8":0.9878302813,"9":0.9878361225,"10":0.9878319502,"11":0.9878148437,"12":0.9878323674,"13":0.987834692,"14":0.9878377914,"15":0.9878383279,"16":0.987836659,"17":0.987840414,"18":0.9878410697,"19":0.987824142,"20":0.98783952,"21":0.9878499508,"22":0.9879630804,"23":0.9875330329,"24":0.9878431559,"25":0.9880245924,"26":0.9880725741,"27":0.9881849289,"28":0.9881595373,"29":0.9880893826,"30":0.9878539443,"31":0.9882231355,"32":0.9884414673,"33":0.9880841374,"34":0.9881525636,"35":0.9881654978,"36":0.9882209301,"37":0.9878986478,"38":0.9881095886,"39":0.9881855845,"40":0.988368094,"41":0.9883409739,"42":0.9881832004,"43":0.9878455997,"44":0.988234818,"45":0.9884399176,"46":0.9881090522,"47":0.9882153273,"48":0.9884520173,"49":0.9884577394,"50":0.9883385897,"51":0.9885212183,"52":0.9886661768,"53":0.9883558154,"54":0.9885578156,"55":0.9887515306,"56":0.9887898564,"57":0.9889565706,"58":0.9886660576,"59":0.9880880713},"val_loss":{"0":0.0272373594,"1":0.0196887087,"2":0.0217181742,"3":0.0192692205,"4":0.0239316467,"5":0.0263612289,"6":0.0508421324,"7":0.0191512834,"8":0.0212425143,"9":0.0278197378,"10":0.0221084487,"11":0.0275221765,"12":0.0176171754,"13":0.0239970852,"14":0.0266754646,"15":0.0228692573,"16":0.0215289984,"17":0.0246474221,"18":0.0156042008,"19":0.031889271,"20":0.017307682,"21":0.0155671472,"22":0.0246389937,"23":0.0196907688,"24":0.0176193938,"25":0.0233325139,"26":0.0185977686,"27":0.022763148,"28":0.0355758406,"29":0.0160868447,"30":0.023628898,"31":0.0206683539,"32":0.0253119171,"33":0.021099031,"34":0.0180862658,"35":0.0231005047,"36":0.0195335057,"37":0.0274094883,"38":0.0363283269,"39":0.0241918564,"40":0.021091925,"41":0.0187357273,"42":0.0348951295,"43":0.0189789087,"44":0.0157263353,"45":0.0149765005,"46":0.0276746713,"47":0.0265353564,"48":0.0225505792,"49":0.0225062389,"50":0.0148334289,"51":0.0240930617,"52":0.0174774434,"53":0.019152848,"54":0.0198440384,"55":0.0262017865,"56":0.017536737,"57":0.017676603,"58":0.0214841086,"59":0.0164163243},"val_sparse_categorical_accuracy":{"0":0.9806388617,"1":0.9858711958,"2":0.9878215194,"3":0.9878209829,"4":0.9878216982,"5":0.9878216982,"6":0.9878213406,"7":0.9878216982,"8":0.987817049,"9":0.9878208041,"10":0.9878216982,"11":0.9878152609,"12":0.9878160954,"13":0.9878215194,"14":0.9878216982,"15":0.9878216982,"16":0.9878216982,"17":0.9878216982,"18":0.9878219962,"19":0.9878216982,"20":0.9878242016,"21":0.9878667593,"22":0.9878216982,"23":0.9878216982,"24":0.9878300428,"25":0.9878246784,"26":0.9878216982,"27":0.9882583618,"28":0.9878216982,"29":0.9877631068,"30":0.9878708124,"31":0.9885448217,"32":0.9879029989,"33":0.9878302813,"34":0.9880868196,"35":0.9878273606,"36":0.9884053469,"37":0.9878216982,"38":0.9878216982,"39":0.9878216982,"40":0.9878216982,"41":0.9888579845,"42":0.9878216982,"43":0.9878622293,"44":0.9880260825,"45":0.9883440137,"46":0.9878216982,"47":0.9878242016,"48":0.9881572723,"49":0.9885522127,"50":0.9886698127,"51":0.9890660644,"52":0.9890913367,"53":0.9879803061,"54":0.9888686538,"55":0.9891002178,"56":0.9877308011,"57":0.9885474443,"58":0.9890654087,"59":0.9878791571}}