{"loss":{"0":0.0407080278,"1":0.0212544557,"2":0.0177891124,"3":0.0164310969,"4":0.0158967972,"5":0.0154406801,"6":0.0152491294,"7":0.014619194,"8":0.0143512087,"9":0.0138864946,"10":0.0138862329,"11":0.0139360568,"12":0.0136226192,"13":0.012392099,"14":0.0121435132,"15":0.0117010698,"16":0.0111754183,"17":0.0111794928,"18":0.0111108189,"19":0.0115464944,"20":0.0109120496,"21":0.0104420306,"22":0.0104638897,"23":0.0102355685,"24":0.0103958482,"25":0.0100860875,"26":0.009649707,"27":0.0097709205,"28":0.0098086102,"29":0.0090797665,"30":0.0089814439,"31":0.0086182291,"32":0.0087101534,"33":0.0085895518,"34":0.0085065439,"35":0.0081047928,"36":0.0089002801,"37":0.0080455076,"38":0.0079140849,"39":0.0078939097,"40":0.0079105729,"41":0.0078394637,"42":0.0084523894,"43":0.0077924193,"44":0.0072526736,"45":0.0072041219,"46":0.0070773233,"47":0.0072847912,"48":0.0076672412,"49":0.0072333193,"50":0.0067320513,"51":0.0069312765,"52":0.0066137998,"53":0.0064190463,"54":0.0071163662,"55":0.0064798924,"56":0.0069340663,"57":0.0069959797,"58":0.0064875302,"59":0.0060122088,"60":0.0059544574,"61":0.0059297346,"62":0.005950422,"63":0.0061767367,"64":0.0057779509,"65":0.0063331816,"66":0.0058073653,"67":0.0063013108,"68":0.0059902496,"69":0.0058267713},"sparse_categorical_accuracy":{"0":0.9714745283,"1":0.9843041897,"2":0.9878255725,"3":0.9878438115,"4":0.9878470302,"5":0.9878488779,"6":0.9878496528,"7":0.9878494143,"8":0.9878399968,"9":0.987862289,"10":0.9879183769,"11":0.9879000187,"12":0.987986505,"13":0.9887107611,"14":0.9887641668,"15":0.9889182448,"16":0.989362359,"17":0.9893372059,"18":0.9895089865,"19":0.9890875816,"20":0.9895054698,"21":0.9902178049,"22":0.9898159504,"23":0.9901092649,"24":0.9899638891,"25":0.9903607965,"26":0.9907918572,"27":0.9903364182,"28":0.9904376864,"29":0.9910638928,"30":0.9912456274,"31":0.9914580584,"32":0.9912958145,"33":0.9916534424,"34":0.99153018,"35":0.9918561578,"36":0.9912804365,"37":0.9919641018,"38":0.9919486046,"39":0.9920061827,"40":0.9919734597,"41":0.9921760559,"42":0.9914288521,"43":0.9918771386,"44":0.9925198555,"45":0.9925811291,"46":0.9926432967,"47":0.992452085,"48":0.9921515584,"49":0.9923678041,"50":0.9927948117,"51":0.9927490354,"52":0.9929531813,"53":0.9931706786,"54":0.9925388098,"55":0.9930512905,"56":0.9927146435,"57":0.9925884604,"58":0.9932336807,"59":0.9934687018,"60":0.9935020804,"61":0.9935972095,"62":0.9935513139,"63":0.993240416,"64":0.9935668111,"65":0.9932256937,"66":0.9935543537,"67":0.9931215644,"68":0.9935094714,"69":0.9936231375},"val_loss":{"0":0.0394174568,"1":0.0230921023,"2":0.0656658709,"3":0.0559739806,"4":0.0457938425,"5":0.0457436554,"6":0.032964021,"7":0.019473549,"8":0.02012771,"9":0.0314075314,"10":0.0218768213,"11":0.015441061,"12":0.0184022095,"13":0.0218959544,"14":0.0214757882,"15":0.0234331116,"16":0.0155118667,"17":0.0252697077,"18":0.0167052671,"19":0.0127442107,"20":0.0146518257,"21":0.016705744,"22":0.0118054459,"23":0.0145402616,"24":0.0223993808,"25":0.0281293187,"26":0.0155976089,"27":0.0123642236,"28":0.0134960786,"29":0.0116886143,"30":0.0126574831,"31":0.0139626954,"32":0.0127243884,"33":0.010519363,"34":0.0142281502,"35":0.0135511421,"36":0.0114158504,"37":0.0104126716,"38":0.0099286791,"39":0.0106857652,"40":0.0107907625,"41":0.0123250363,"42":0.0122132543,"43":0.012919236,"44":0.0128168445,"45":0.0110745942,"46":0.0112710325,"47":0.0133100851,"48":0.0090035526,"49":0.0090647927,"50":0.0081085032,"51":0.0101732081,"52":0.0103697265,"53":0.0088037709,"54":0.010407215,"55":0.0079834731,"56":0.0083879903,"57":0.0088644689,"58":0.0076841097,"59":0.0095717767,"60":0.007365929,"61":0.0079762703,"62":0.0096011795,"63":0.0084200231,"64":0.0079725757,"65":0.0075178244,"66":0.0099477852,"67":0.0088747861,"68":0.0082916301,"69":0.0078715533},"val_sparse_categorical_accuracy":{"0":0.9806391001,"1":0.9877944589,"2":0.9878116846,"3":0.9878134131,"4":0.9878090024,"5":0.9878147244,"6":0.9878205061,"7":0.9878113866,"8":0.9878172874,"9":0.987821579,"10":0.9878212214,"11":0.9878209829,"12":0.9877567291,"13":0.987996459,"14":0.9881186485,"15":0.9880207181,"16":0.9888547063,"17":0.9879845977,"18":0.9882482886,"19":0.9895570278,"20":0.9856817126,"21":0.9888185859,"22":0.9887769222,"23":0.9865859747,"24":0.9892014861,"25":0.9670248628,"26":0.9896741509,"27":0.9904560447,"28":0.9900815487,"29":0.9901413918,"30":0.9901297688,"31":0.9888175726,"32":0.9900293946,"33":0.9907690883,"34":0.9856074452,"35":0.9908331633,"36":0.989751637,"37":0.9904602766,"38":0.9911159277,"39":0.9907226562,"40":0.9910678267,"41":0.9895486236,"42":0.9912101626,"43":0.9909764528,"44":0.9905349016,"45":0.9917350411,"46":0.9907126427,"47":0.9912532568,"48":0.9914146662,"49":0.9915750027,"50":0.9922043681,"51":0.9911184311,"52":0.9916839004,"53":0.9918140173,"54":0.99167943,"55":0.9921261668,"56":0.9915331602,"57":0.9914841652,"58":0.9918676019,"59":0.9920895696,"60":0.992603004,"61":0.99203372,"62":0.9904785156,"63":0.9922024012,"64":0.9918811917,"65":0.9920646548,"66":0.9885820746,"67":0.9918290377,"68":0.9920112491,"69":0.9925885201}}