{"loss":{"0":0.1059170067,"1":0.0275808908,"2":0.0146461902,"3":0.0135687441,"4":0.0130900182,"5":0.0123089915,"6":0.011652776,"7":0.0112668509,"8":0.0111204823,"9":0.01110397,"10":0.0107595315,"11":0.0106224976,"12":0.010456807,"13":0.0103200972,"14":0.0101683978,"15":0.0101061705,"16":0.0097560547,"17":0.009675662,"18":0.0093894694,"19":0.0092430748,"20":0.0089438166,"21":0.0088344626,"22":0.0088184783,"23":0.0087124938,"24":0.0084865298,"25":0.0079947142,"26":0.0080025196,"27":0.0079986006,"28":0.0076113753,"29":0.0075478777,"30":0.0073356316,"31":0.0071763219,"32":0.008378678,"33":0.0099994289,"34":0.0084587298,"35":0.0078146588,"36":0.0074455161,"37":0.0071824323,"38":0.0069039967,"39":0.0072013629,"40":0.0067728539,"41":0.008281528,"42":0.0077098235,"43":0.0070025162,"44":0.0068766726,"45":0.0064459802,"46":0.0138303926,"47":0.0115827303,"48":0.0113829821,"49":0.0112779718,"50":0.0110004395,"51":0.0108001735,"52":0.0104851956,"53":0.0102598174,"54":0.0100763757,"55":0.0099970391,"56":0.0097901477,"57":0.00985834,"58":0.0095874583,"59":0.0097194584,"60":0.0095678261,"61":0.0093806554,"62":0.0091712764,"63":0.0092277247,"64":0.0090274578,"65":0.0089850686,"66":0.0086297626,"67":0.0089280671,"68":0.008750245,"69":0.0085160388,"70":0.0085085165,"71":0.0082913814,"72":0.0082549499,"73":0.0078193918,"74":0.0076195621,"75":0.0077922218,"76":0.0075124828,"77":0.0076454086,"78":0.0074803648,"79":0.0072113387},"sparse_categorical_accuracy":{"0":0.8169875145,"1":0.9808291793,"2":0.9818302393,"3":0.9824535251,"4":0.9832282066,"5":0.9842037559,"6":0.9847772717,"7":0.9855471849,"8":0.9859782457,"9":0.9862052202,"10":0.9865834713,"11":0.9868587852,"12":0.9869145751,"13":0.987139523,"14":0.9872041941,"15":0.9872950315,"16":0.9873300791,"17":0.9873213768,"18":0.9874116778,"19":0.9874854684,"20":0.9875303507,"21":0.9875571728,"22":0.9874615073,"23":0.9875776172,"24":0.9876101017,"25":0.9874995351,"26":0.9875869155,"27":0.9877011776,"28":0.9878123999,"29":0.9874991775,"30":0.9878439307,"31":0.9881120324,"32":0.9878100157,"33":0.9874836802,"34":0.9876019955,"35":0.9875713587,"36":0.9880020618,"37":0.9881421924,"38":0.9885682464,"39":0.9887225032,"40":0.988439858,"41":0.9874036312,"42":0.9876273274,"43":0.9883984327,"44":0.9887036085,"45":0.989002049,"46":0.9848744869,"47":0.9873458743,"48":0.9875205159,"49":0.9875946045,"50":0.9875329137,"51":0.9875901341,"52":0.9876691103,"53":0.9876270294,"54":0.9876644611,"55":0.9876775146,"56":0.9876838326,"57":0.9876696467,"58":0.9877100587,"59":0.9876937866,"60":0.9877024889,"61":0.9877263904,"62":0.9876939058,"63":0.9877345562,"64":0.987746954,"65":0.9877433181,"66":0.9877519011,"67":0.9877083898,"68":0.9877537489,"69":0.98777318,"70":0.987739265,"71":0.9877541065,"72":0.9877049923,"73":0.9877716899,"74":0.9877734184,"75":0.9877262115,"76":0.98782897,"77":0.9878160357,"78":0.9878630638,"79":0.987896204},"val_loss":{"0":0.0422658026,"1":0.0164062213,"2":0.0141088795,"3":0.0145503348,"4":0.0135505609,"5":0.0131542515,"6":0.0128590539,"7":0.0127603812,"8":0.0123526286,"9":0.0127650248,"10":0.0122230509,"11":0.0122146718,"12":0.0116386013,"13":0.011450802,"14":0.0121257398,"15":0.010855997,"16":0.0124371266,"17":0.013900917,"18":0.0115839262,"19":0.0121204406,"20":0.0114236642,"21":0.0110908626,"22":0.0111903418,"23":0.0100629106,"24":0.0109885102,"25":0.0122874249,"26":0.0119395303,"27":0.014747343,"28":0.0148145417,"29":0.0115427757,"30":0.0122936592,"31":0.0237512104,"32":0.0550824329,"33":0.0109669287,"34":0.0102452515,"35":0.0104710488,"36":0.010719521,"37":0.0111223115,"38":0.0116904834,"39":0.0120421806,"40":0.010033505,"41":0.0085830381,"42":0.0086950278,"43":0.0106195295,"44":0.0102599533,"45":0.008796433,"46":0.2221249938,"47":0.0440286361,"48":0.0236074012,"49":0.0189629979,"50":0.0109203067,"51":0.0113494461,"52":0.010889058,"53":0.0105728516,"54":0.0107345004,"55":0.0104338098,"56":0.0100988373,"57":0.0103963874,"58":0.0106771318,"59":0.0105122365,"60":0.0105088372,"61":0.0107954573,"62":0.0117366835,"63":0.0102383513,"64":0.0100198882,"65":0.0105012646,"66":0.0115349023,"67":0.0091018425,"68":0.0097021507,"69":0.0098428354,"70":0.0095532611,"71":0.0083154021,"72":0.0089017954,"73":0.0090647722,"74":0.0107461046,"75":0.0097600985,"76":0.0081678079,"77":0.009371575,"78":0.0084552141,"79":0.0094368001},"val_sparse_categorical_accuracy":{"0":0.9822314382,"1":0.9806388617,"2":0.9806634784,"3":0.9815013409,"4":0.9822702408,"5":0.9822542071,"6":0.9822393656,"7":0.9822648764,"8":0.9822672606,"9":0.9822989106,"10":0.9831036329,"11":0.9827458858,"12":0.9844788909,"13":0.9845889211,"14":0.9858746529,"15":0.9874714613,"16":0.9877732396,"17":0.9876349568,"18":0.9877550006,"19":0.9877377748,"20":0.9877994657,"21":0.987796247,"22":0.9877980947,"23":0.9878000617,"24":0.9877506495,"25":0.9878120422,"26":0.9878108501,"27":0.987763226,"28":0.9878112078,"29":0.9878211617,"30":0.9877892733,"31":0.9873434901,"32":0.9847231507,"33":0.98779881,"34":0.9877715707,"35":0.9874426126,"36":0.9875478745,"37":0.9863871336,"38":0.9878049493,"39":0.9872089028,"40":0.9875720739,"41":0.9879478812,"42":0.9879876971,"43":0.9878937006,"44":0.9878767729,"45":0.9886650443,"46":0.9841204286,"47":0.9858179092,"48":0.9868937731,"49":0.9870992899,"50":0.9878092408,"51":0.9878082871,"52":0.9878008366,"53":0.9878063798,"54":0.9878118634,"55":0.9878137708,"56":0.9878169298,"57":0.9878178239,"58":0.987819016,"59":0.9878192544,"60":0.9878186584,"61":0.9878197908,"62":0.9878197312,"63":0.9878205061,"64":0.9878208637,"65":0.9878197908,"66":0.9878207445,"67":0.9878214598,"68":0.987821281,"69":0.9878215194,"70":0.9878214598,"71":0.9878211021,"72":0.9878206253,"73":0.987821281,"74":0.9878214598,"75":0.9878216982,"76":0.9878216386,"77":0.9878216982,"78":0.9878216982,"79":0.9878216982}}