{"loss":{"0":0.5703649294,"1":0.262769588,"2":0.0964393744,"3":0.0571604031,"4":0.0446068055,"5":0.0369649469,"6":0.0330438917,"7":0.030433642,"8":0.0267025971,"9":0.0255583773,"10":0.0252411197,"11":0.0235321138,"12":0.0220613076,"13":0.020640219,"14":0.0199194638,"15":0.0197668408,"16":0.0190582493,"17":0.0191133315,"18":0.0176401211,"19":0.01697975,"20":0.0179432139,"21":0.0166759675,"22":0.0162814059,"23":0.0159452931,"24":0.0154914166,"25":0.0146655969,"26":0.014553345,"27":0.0146629827,"28":0.0140725477,"29":0.0139783845,"30":0.0135846158,"31":0.01309018,"32":0.012363356,"33":0.0123641819,"34":0.0132928097,"35":0.0124355646,"36":0.0119043066,"37":0.0114588063,"38":0.0108458785,"39":0.0105394199,"40":0.0102540312,"41":0.0103497173,"42":0.0102399687,"43":0.009905301,"44":0.0097520894,"45":0.0100686901,"46":0.0094061622,"47":0.0095618076,"48":0.0089044495,"49":0.0090418653},"sparse_categorical_accuracy":{"0":0.8873468637,"1":0.982571125,"2":0.9887337089,"3":0.9896609783,"4":0.9903618693,"5":0.9912666082,"6":0.9918273687,"7":0.9921274185,"8":0.9929087162,"9":0.9932129383,"10":0.9930647612,"11":0.9933688045,"12":0.9938251972,"13":0.9941474199,"14":0.994286716,"15":0.9942277074,"16":0.9944594502,"17":0.9943466783,"18":0.9947474003,"19":0.9948534966,"20":0.9945352077,"21":0.9948604107,"22":0.9949675798,"23":0.9951031208,"24":0.995225668,"25":0.995367825,"26":0.9953583479,"27":0.9953644872,"28":0.9955069423,"29":0.995428443,"30":0.9955458045,"31":0.995691359,"32":0.9958922267,"33":0.9959045053,"34":0.9956051111,"35":0.9957491159,"36":0.9958993793,"37":0.9960077405,"38":0.9961541295,"39":0.9962637424,"40":0.99630934,"41":0.9962740541,"42":0.9962819815,"43":0.9963373542,"44":0.9963864088,"45":0.9963536859,"46":0.9964972734,"47":0.9964566231,"48":0.9966689944,"49":0.9965639114},"val_loss":{"0":2.626710844,"1":0.1712816641,"2":0.0847610138,"3":0.0692345921,"4":0.0648493342,"5":0.060749102,"6":0.0609182984,"7":0.0519247189,"8":0.0516834434,"9":0.0512036026,"10":0.0452933997,"11":0.0371255212,"12":0.0325017169,"13":0.0353312233,"14":0.0271264881,"15":0.0234506052,"16":0.0298277156,"17":0.0226770146,"18":0.0249114119,"19":0.0251407189,"20":0.0281100281,"21":0.0235116363,"22":0.026975272,"23":0.0217208752,"24":0.0228411397,"25":0.0226055931,"26":0.024251529,"27":0.0203485819,"28":0.0234499523,"29":0.0214008586,"30":0.0203744047,"31":0.0218457548,"32":0.0192882723,"33":0.0229582515,"34":0.0207333084,"35":0.0220347336,"36":0.0203930103,"37":0.0201678385,"38":0.025752021,"39":0.0213965097,"40":0.0241113193,"41":0.0224160368,"42":0.0222886483,"43":0.0193873704,"44":0.0244223505,"45":0.021075423,"46":0.0318189334,"47":0.0264228182,"48":0.0200570524,"49":0.0225951578},"val_sparse_categorical_accuracy":{"0":0.1097807065,"1":0.9861407876,"2":0.9861605763,"3":0.9863263965,"4":0.9875779152,"5":0.9877887368,"6":0.9878016114,"7":0.987870574,"8":0.9878784418,"9":0.9877185225,"10":0.9884623885,"11":0.9894969463,"12":0.9911666512,"13":0.9900872707,"14":0.9918973446,"15":0.9931132793,"16":0.9920512438,"17":0.9932350516,"18":0.9929637313,"19":0.9925923347,"20":0.991651237,"21":0.9927713275,"22":0.9921806455,"23":0.9935778379,"24":0.9928914905,"25":0.9934728742,"26":0.993078053,"27":0.9940906763,"28":0.9929912686,"29":0.9935629368,"30":0.9938756824,"31":0.9934859276,"32":0.9941735268,"33":0.993750751,"34":0.9938886762,"35":0.9938209057,"36":0.994189918,"37":0.9941823483,"38":0.9931181669,"39":0.9938186407,"40":0.9936000109,"41":0.9934315681,"42":0.9939819574,"43":0.9941769838,"44":0.992713213,"45":0.9940310717,"46":0.9924353361,"47":0.9932517409,"48":0.9943008423,"49":0.9938927889}}