{"loss":{"0":0.1692170948,"1":0.082489036,"2":0.0370716006,"3":0.0227366034,"4":0.0189472716,"5":0.0173797216,"6":0.0166120753,"7":0.015033355,"8":0.014510558,"9":0.0135767618,"10":0.0131872743,"11":0.0128279943,"12":0.0123009263,"13":0.0118760075,"14":0.0115466183,"15":0.0113154482,"16":0.0107082073,"17":0.0104827536,"18":0.0101134982,"19":0.0100827832,"20":0.0097350357,"21":0.0097814966,"22":0.0095397644,"23":0.009294061,"24":0.009112671,"25":0.0094205989,"26":0.0090265591,"27":0.0088942666,"28":0.0086742304,"29":0.0081139905},"sparse_categorical_accuracy":{"0":0.8002983332,"1":0.9858207703,"2":0.9877699614,"3":0.9879088402,"4":0.9878996015,"5":0.9878857136,"6":0.9879602194,"7":0.9884037375,"8":0.9885416627,"9":0.9888696671,"10":0.988728106,"11":0.9889983535,"12":0.9895452261,"13":0.9896451235,"14":0.9898158908,"15":0.9901168942,"16":0.9903272986,"17":0.9905634522,"18":0.9906945229,"19":0.990717113,"20":0.9909514785,"21":0.9910002947,"22":0.9909712672,"23":0.9908710718,"24":0.9911667109,"25":0.9910526872,"26":0.9911283851,"27":0.9912183285,"28":0.9914889932,"29":0.9917226434},"val_loss":{"0":0.2551374435,"1":0.0474981517,"2":0.025016088,"3":0.0222572777,"4":0.0219036881,"5":0.0215512924,"6":0.0244462509,"7":0.0225877576,"8":0.0255728513,"9":0.0286799762,"10":0.0260379035,"11":0.0268442743,"12":0.0320005342,"13":0.0309401322,"14":0.026518831,"15":0.0193086509,"16":0.0178701598,"17":0.0157748368,"18":0.0211943891,"19":0.0151495775,"20":0.015136038,"21":0.0140402783,"22":0.0146610672,"23":0.0116706444,"24":0.0151401274,"25":0.0122358408,"26":0.0117227538,"27":0.0135003095,"28":0.0113310125,"29":0.0126001993},"val_sparse_categorical_accuracy":{"0":0.094378829,"1":0.982246995,"2":0.982332468,"3":0.982439816,"4":0.9846550822,"5":0.9870151877,"6":0.985966742,"7":0.9873958826,"8":0.9870140553,"9":0.9875252843,"10":0.9875241518,"11":0.9875246286,"12":0.9875286818,"13":0.9875063896,"14":0.9875543714,"15":0.9878525734,"16":0.9878061414,"17":0.988342762,"18":0.9875726104,"19":0.9884623885,"20":0.9888535738,"21":0.9888896346,"22":0.9888213873,"23":0.9902649522,"24":0.9887167811,"25":0.9900442362,"26":0.9900028706,"27":0.9871541262,"28":0.9894627333,"29":0.9893593788}}