{"loss":{"0":0.0441863872,"1":0.0356193818,"2":0.0356193818,"3":0.0356193818,"4":0.0356193818,"5":0.0356193818,"6":0.0356193855,"7":0.0356193855,"8":0.0356193818,"9":0.0356193818,"10":0.0356193855,"11":0.0356193855,"12":0.0356193818,"13":0.0356193855,"14":0.0356193818,"15":0.0356193855,"16":0.0356193855,"17":0.0356193855,"18":0.0356193818,"19":0.0356193855,"20":0.0356193818,"21":0.0356193818,"22":0.0356193781,"23":0.0356193855,"24":0.0356193855},"sparse_categorical_accuracy":{"0":0.9529457688,"1":0.9809170961,"2":0.9809170961,"3":0.9809170961,"4":0.9809170961,"5":0.9809170961,"6":0.9809172153,"7":0.9809170961,"8":0.9809172153,"9":0.9809169769,"10":0.9809170961,"11":0.9809169769,"12":0.9809170961,"13":0.9809170961,"14":0.9809172153,"15":0.9809170961,"16":0.9809172153,"17":0.9809170961,"18":0.9809170961,"19":0.9809170961,"20":0.9809172153,"21":0.9809172153,"22":0.9809170961,"23":0.9809172153,"24":0.9809169769},"val_loss":{"0":0.0360023491,"1":0.0360023491,"2":0.0360023491,"3":0.0360023491,"4":0.0360023491,"5":0.0360023491,"6":0.0360023491,"7":0.0360023491,"8":0.0360023491,"9":0.0360023491,"10":0.0360023491,"11":0.0360023491,"12":0.0360023491,"13":0.0360023491,"14":0.0360023491,"15":0.0360023491,"16":0.0360023491,"17":0.0360023491,"18":0.0360023491,"19":0.0360023491,"20":0.0360023491,"21":0.0360023491,"22":0.0360023491,"23":0.0360023491,"24":0.0360023491},"val_sparse_categorical_accuracy":{"0":0.9803532362,"1":0.9803532362,"2":0.9803532362,"3":0.9803532362,"4":0.9803532362,"5":0.9803532362,"6":0.9803532362,"7":0.9803532362,"8":0.9803532362,"9":0.9803532362,"10":0.9803532362,"11":0.9803532362,"12":0.9803532362,"13":0.9803532362,"14":0.9803532362,"15":0.9803532362,"16":0.9803532362,"17":0.9803532362,"18":0.9803532362,"19":0.9803532362,"20":0.9803532362,"21":0.9803532362,"22":0.9803532362,"23":0.9803532362,"24":0.9803532362}}