{"loss":{"0":0.0841744468,"1":0.0216736086,"2":0.0129938247,"3":0.0114716869,"4":0.0104077114,"5":0.009449644,"6":0.0085238516,"7":0.0078810258,"8":0.0070244796,"9":0.0063900631,"10":0.0061106458,"11":0.0059432895,"12":0.0055221999,"13":0.005353793,"14":0.0053131701,"15":0.0049842508,"16":0.0046739574,"17":0.004466414,"18":0.0047021816,"19":0.0044473172,"20":0.0043846187,"21":0.0040528467,"22":0.0038428004,"23":0.0038503257,"24":0.0036223233,"25":0.0035942928,"26":0.0035883372,"27":0.0033973244,"28":0.0032900118,"29":0.0032663152,"30":0.0035161178,"31":0.0032891259,"32":0.0031842426,"33":0.0029847089,"34":0.0028679324,"35":0.0027925379,"36":0.0029298267,"37":0.0029730226,"38":0.0027879686,"39":0.0027108598},"sparse_categorical_accuracy":{"0":0.8672119975,"1":0.9819040298,"2":0.9830961823,"3":0.984675467,"4":0.9855892062,"5":0.9865265489,"6":0.9870455265,"7":0.9874283671,"8":0.9879853725,"9":0.9883534908,"10":0.9885763526,"11":0.9890921712,"12":0.989420712,"13":0.9898208976,"14":0.9898629189,"15":0.9905890822,"16":0.9911634922,"17":0.9915923476,"18":0.9910464287,"19":0.9915133715,"20":0.9914928675,"21":0.992249012,"22":0.9926533699,"23":0.9926508665,"24":0.9930955172,"25":0.9932032824,"26":0.9930678606,"27":0.9934192896,"28":0.9935106635,"29":0.9935464859,"30":0.9931567907,"31":0.9934874773,"32":0.9935939312,"33":0.9938993454,"34":0.9941631556,"35":0.994310081,"36":0.9937500954,"37":0.9937468171,"38":0.9942693114,"39":0.9942554832},"val_loss":{"0":0.0346722677,"1":0.0139353983,"2":0.0140948705,"3":0.0140726008,"4":0.0145340851,"5":0.0146837374,"6":0.0153883239,"7":0.0126601197,"8":0.0166845825,"9":0.0145682674,"10":0.0147240628,"11":0.0120622758,"12":0.0107636973,"13":0.013451078,"14":0.0102300784,"15":0.0107917488,"16":0.0107800076,"17":0.0098664509,"18":0.0062977304,"19":0.0077744438,"20":0.0075148828,"21":0.0080834944,"22":0.0067934296,"23":0.0065105017,"24":0.0066632028,"25":0.0053228321,"26":0.0071716928,"27":0.0072050383,"28":0.0059054941,"29":0.0060455478,"30":0.0049366714,"31":0.0064713387,"32":0.0068669692,"33":0.0058550462,"34":0.006640383,"35":0.0056730504,"36":0.0057639848,"37":0.0054735648,"38":0.0063233785,"39":0.0056302086},"val_sparse_categorical_accuracy":{"0":0.9806388617,"1":0.9806393385,"2":0.9806388617,"3":0.9806388617,"4":0.9806388617,"5":0.9806388617,"6":0.9806399345,"7":0.9806566238,"8":0.9825074673,"9":0.9860643744,"10":0.9877442718,"11":0.9878393412,"12":0.9883357286,"13":0.9878553748,"14":0.9884787202,"15":0.9881750345,"16":0.9880393147,"17":0.9880638123,"18":0.9910783768,"19":0.9904392958,"20":0.9909563065,"21":0.9895874858,"22":0.9904755354,"23":0.9903869629,"24":0.9904245138,"25":0.9917272925,"26":0.9905899763,"27":0.9896581173,"28":0.991559267,"29":0.9908575416,"30":0.9925125241,"31":0.9913672209,"32":0.9913503528,"33":0.9921786189,"34":0.9909501076,"35":0.9911844134,"36":0.9921135902,"37":0.9926415682,"38":0.9915156364,"39":0.9919477701}}