{"loss":{"0":0.1804013252,"1":0.0931583792,"2":0.0393390842,"3":0.0219965745,"4":0.0165480059,"5":0.0132804615,"6":0.0112755792,"7":0.0100871334,"8":0.0088992901,"9":0.0082508558,"10":0.0080008917,"11":0.0075288326,"12":0.0071498575,"13":0.0069246138,"14":0.0065739602,"15":0.0063680359,"16":0.0064406325,"17":0.0060278433,"18":0.0057944753,"19":0.0058245431,"20":0.0058561955,"21":0.0053984569,"22":0.0052198968,"23":0.0049506086,"24":0.0047741276},"sparse_categorical_accuracy":{"0":0.8330788016,"1":0.9808297157,"2":0.9816684723,"3":0.9853639603,"4":0.9875311852,"5":0.9881712794,"6":0.989159286,"7":0.9903854728,"8":0.9912192822,"9":0.9916876554,"10":0.9918934703,"11":0.9924742579,"12":0.9926776886,"13":0.992646575,"14":0.9930832386,"15":0.9933336973,"16":0.9930853844,"17":0.9934802651,"18":0.9938036203,"19":0.9937133789,"20":0.9935360551,"21":0.9941464067,"22":0.9942729473,"23":0.9945145249,"24":0.9946630597},"val_loss":{"0":0.1183215305,"1":0.0537484139,"2":0.025898885,"3":0.0237673298,"4":0.0579525828,"5":0.045723632,"6":0.0305772424,"7":0.039277494,"8":0.0202322472,"9":0.0228571258,"10":0.0212972481,"11":0.0188326463,"12":0.0204372425,"13":0.018478483,"14":0.0172170643,"15":0.0130955074,"16":0.0117327897,"17":0.0158911329,"18":0.011768735,"19":0.0135547984,"20":0.0082683982,"21":0.0085432259,"22":0.0100841261,"23":0.0091675017,"24":0.0104468716},"val_sparse_categorical_accuracy":{"0":0.9803854227,"1":0.9803532362,"2":0.9803532362,"3":0.9803532362,"4":0.980482161,"5":0.9803807139,"6":0.9812397361,"7":0.9834939837,"8":0.9858673811,"9":0.9862833023,"10":0.9862058759,"11":0.9868564606,"12":0.9866726995,"13":0.9879071116,"14":0.9884091616,"15":0.988943994,"16":0.9906551242,"17":0.9886926413,"18":0.9907674789,"19":0.9895994067,"20":0.9922968745,"21":0.9925342202,"22":0.9913642406,"23":0.9915186167,"24":0.9911966324}}