{"loss":{"0":0.1607347876,"1":0.0620829612,"2":0.0370225348,"3":0.0237582587,"4":0.0172846057,"5":0.0154350037,"6":0.0145260608,"7":0.0143792396,"8":0.0143205374,"9":0.0142611749,"10":0.0142635424,"11":0.014215556,"12":0.0141799264,"13":0.0142737161,"14":0.0141354473,"15":0.0140829086,"16":0.0140109174,"17":0.0138322916,"18":0.013115095,"19":0.0118468422,"20":0.0111669535,"21":0.0107024023,"22":0.0107845273,"23":0.0097083664,"24":0.0089256056,"25":0.0084748473,"26":0.0081298454,"27":0.0077762199,"28":0.0075828065,"29":0.0073684868},"sparse_categorical_accuracy":{"0":0.4510752261,"1":0.9696820378,"2":0.9804407954,"3":0.980579555,"4":0.9798820615,"5":0.9808976054,"6":0.9809076786,"7":0.9809088707,"8":0.9809108973,"9":0.9809114933,"10":0.9809129238,"11":0.9809132218,"12":0.9809135795,"13":0.9809113145,"14":0.9809123874,"15":0.9809125662,"16":0.9809129238,"17":0.9809062481,"18":0.9807627797,"19":0.9807364345,"20":0.9806452394,"21":0.9809141755,"22":0.9809929132,"23":0.9817191362,"24":0.9825173616,"25":0.9831821322,"26":0.9837918282,"27":0.9841790199,"28":0.9843830466,"29":0.9845643044},"val_loss":{"0":0.0617029592,"1":0.0473222509,"2":0.0298616346,"3":0.0197390057,"4":0.0159017928,"5":0.0148296729,"6":0.0146110347,"7":0.0145539064,"8":0.0145333335,"9":0.0145113142,"10":0.0144938957,"11":0.0144819655,"12":0.0144593129,"13":0.0144530786,"14":0.014405746,"15":0.0143891154,"16":0.0143560199,"17":0.0142228454,"18":0.0134303197,"19":0.0127796186,"20":0.0204517618,"21":0.0133001981,"22":0.0208756942,"23":0.0128349699,"24":0.0118738171,"25":0.0121639799,"26":0.012117805,"27":0.0116344001,"28":0.0110576265,"29":0.0106737716},"val_sparse_categorical_accuracy":{"0":0.9801820517,"1":0.9803532362,"2":0.9803532362,"3":0.9803532362,"4":0.9803532362,"5":0.9803532362,"6":0.9803532362,"7":0.9803532362,"8":0.9803532362,"9":0.9803532362,"10":0.9803532362,"11":0.9803532362,"12":0.9803532362,"13":0.9803532362,"14":0.9803532362,"15":0.9803532362,"16":0.9803532362,"17":0.9803532362,"18":0.9803610444,"19":0.9803675413,"20":0.9803727865,"21":0.9807190299,"22":0.981166482,"23":0.9817541838,"24":0.9819556475,"25":0.9820359349,"26":0.9819490314,"27":0.9820403457,"28":0.982296586,"29":0.9823645353}}