{"loss":{"0":0.2024791241,"1":0.067335628,"2":0.0286300927,"3":0.0274787433,"4":0.0249293651,"5":0.0239729416,"6":0.0220492091,"7":0.0236093644,"8":0.0198931117,"9":0.018374553,"10":0.0144841038,"11":0.0126551399,"12":0.0115443002,"13":0.0115199648,"14":0.0126013905,"15":0.011226574,"16":0.010373543,"17":0.0092275767,"18":0.008985199,"19":0.0085980482,"20":0.0081815189,"21":0.0080658039,"22":0.0078543052,"23":0.0076955254,"24":0.0076947175,"25":0.0074208141,"26":0.0075068632,"27":0.0071054972,"28":0.0071881847,"29":0.0068575959,"30":0.0068484745,"31":0.0067074262,"32":0.0064992742,"33":0.006337137,"34":0.0062637576,"35":0.006343036,"36":0.0062146587,"37":0.0064250939,"38":0.0063218372,"39":0.0058729057,"40":0.0058313431,"41":0.0057604713,"42":0.0059047784,"43":0.0057561118,"44":0.0055084727,"45":0.005627654,"46":0.0054914863,"47":0.0054868883,"48":0.0052104779,"49":0.0053369775,"50":0.0052078567,"51":0.0049784626,"52":0.0050102635,"53":0.0049941409,"54":0.0050367485,"55":0.0049473438,"56":0.0049740388,"57":0.0049152244,"58":0.0048455163,"59":0.0048393011},"sparse_categorical_accuracy":{"0":0.7280004025,"1":0.9798411131,"2":0.9808033705,"3":0.9790418148,"4":0.9808216095,"5":0.9808755517,"6":0.9814020395,"7":0.9809192419,"8":0.9828568101,"9":0.9834063649,"10":0.9842998981,"11":0.9857414365,"12":0.9874264598,"13":0.9889571071,"14":0.9881619811,"15":0.9890780449,"16":0.9898901582,"17":0.9907934666,"18":0.9910489321,"19":0.9913618565,"20":0.9916800261,"21":0.9918976426,"22":0.9920791984,"23":0.9923132658,"24":0.9922086,"25":0.9925743937,"26":0.9924054742,"27":0.9927908778,"28":0.9926552176,"29":0.9929436445,"30":0.9930403829,"31":0.9931179285,"32":0.9933139682,"33":0.9933640361,"34":0.9934588075,"35":0.9933665991,"36":0.9935887456,"37":0.993227005,"38":0.9934347868,"39":0.9937795401,"40":0.9938090444,"41":0.9938302636,"42":0.9936931133,"43":0.9937817454,"44":0.9940010309,"45":0.9939341545,"46":0.9940779209,"47":0.9939766526,"48":0.9943034053,"49":0.9941025376,"50":0.9942238927,"51":0.9944646955,"52":0.9943804741,"53":0.9943468571,"54":0.9943356514,"55":0.9943264723,"56":0.9943208694,"57":0.9944276214,"58":0.9945231676,"59":0.994443953},"val_loss":{"0":0.0732295215,"1":0.0362384133,"2":0.0257853176,"3":0.0339103863,"4":0.02490649,"5":0.0246404428,"6":0.02535473,"7":0.1442409605,"8":0.0347493216,"9":0.0254805516,"10":0.0301311407,"11":0.024617495,"12":0.0226096772,"13":0.0318625271,"14":0.0240679719,"15":0.0219018385,"16":0.0154412631,"17":0.0143770603,"18":0.0146245742,"19":0.0161219146,"20":0.0152997132,"21":0.0114950463,"22":0.014127804,"23":0.0154150911,"24":0.0128690647,"25":0.0134563344,"26":0.0106298858,"27":0.0131324204,"28":0.0095661879,"29":0.0127355941,"30":0.0120670777,"31":0.0123028029,"32":0.0111528076,"33":0.0094268564,"34":0.0098515376,"35":0.0127951149,"36":0.0112746861,"37":0.0087650539,"38":0.0091185877,"39":0.0096527664,"40":0.0096242074,"41":0.0128852911,"42":0.0090610879,"43":0.00850002,"44":0.0084068989,"45":0.0103837345,"46":0.0103181321,"47":0.008103475,"48":0.0100136027,"49":0.0071139145,"50":0.0086718732,"51":0.0096783787,"52":0.0079169068,"53":0.0082514286,"54":0.0071778265,"55":0.0067740274,"56":0.00840839,"57":0.0068255966,"58":0.0081785005,"59":0.0085606761},"val_sparse_categorical_accuracy":{"0":0.9807056189,"1":0.9806388617,"2":0.9806388617,"3":0.9806388617,"4":0.9806388617,"5":0.9806388617,"6":0.9806388617,"7":0.9806388617,"8":0.9806388617,"9":0.9806388617,"10":0.9807798266,"11":0.9831031561,"12":0.984166503,"13":0.9842002392,"14":0.9855157733,"15":0.9876520038,"16":0.9880901575,"17":0.9880279899,"18":0.9882002473,"19":0.9880094528,"20":0.9883549213,"21":0.9893833995,"22":0.9894478917,"23":0.9884274602,"24":0.9898333549,"25":0.9890873432,"26":0.9904139042,"27":0.9893762469,"28":0.9911949039,"29":0.9898252487,"30":0.9898779988,"31":0.9898153543,"32":0.9900224209,"33":0.9912691116,"34":0.9920254946,"35":0.9898799062,"36":0.9905190468,"37":0.9916723967,"38":0.9923654199,"39":0.9913300276,"40":0.9914320707,"41":0.9897984862,"42":0.9921399951,"43":0.9916644692,"44":0.9922199249,"45":0.9915308356,"46":0.9911937118,"47":0.9926579595,"48":0.9911170602,"49":0.9930917621,"50":0.991790235,"51":0.9910242558,"52":0.9915221334,"53":0.992282629,"54":0.9932824969,"55":0.993283689,"56":0.9924591184,"57":0.9934200644,"58":0.9924525619,"59":0.9923319221}}