{"loss":{"0":0.0387544371,"1":0.0239614826,"2":0.0203342736,"3":0.0195417199,"4":0.0189979505,"5":0.0196689256,"6":0.0177505407,"7":0.017474236,"8":0.0173522104,"9":0.0177699346,"10":0.017248502,"11":0.0170334447,"12":0.0171713233,"13":0.0167674832,"14":0.0161422212,"15":0.0160256028,"16":0.015924206,"17":0.016249802,"18":0.0157966986,"19":0.0157550834,"20":0.0158990957,"21":0.0161666665,"22":0.0157084167,"23":0.0155138364,"24":0.0152464267,"25":0.0153197628,"26":0.0153529346,"27":0.0152180186,"28":0.0152893309,"29":0.0154560376,"30":0.0150867095,"31":0.0148920314,"32":0.0151333278,"33":0.0152424974,"34":0.0148449047,"35":0.0149326902,"36":0.0147319781,"37":0.0147295604,"38":0.0158864632,"39":0.0148522863,"40":0.0146134254,"41":0.0144331427,"42":0.0142753748,"43":0.0143938158,"44":0.0143514434,"45":0.0151465368,"46":0.0151758045,"47":0.0144697772,"48":0.0140706673,"49":0.014302629,"50":0.0140976254,"51":0.0140529796,"52":0.0139037883,"53":0.0139899105,"54":0.0136801582,"55":0.013639193,"56":0.0139538161,"57":0.0137698157,"58":0.0137891518,"59":0.0135901868,"60":0.0134165213,"61":0.0134040508,"62":0.0136297597,"63":0.0134304259,"64":0.0134616643,"65":0.0141593032,"66":0.013699173,"67":0.0133581748,"68":0.0134168947,"69":0.0132435886,"70":0.0131453127,"71":0.0136593003,"72":0.0136697087,"73":0.0136528239,"74":0.0133318575,"75":0.0132536869,"76":0.0131334346,"77":0.0133011565,"78":0.0130580114,"79":0.0129687274},"sparse_categorical_accuracy":{"0":0.9657763839,"1":0.9813970923,"2":0.9874905348,"3":0.9878130555,"4":0.9878268838,"5":0.9878215194,"6":0.9878467917,"7":0.9878406525,"8":0.9878457785,"9":0.9878440499,"10":0.9878518581,"11":0.9878473282,"12":0.9878453612,"13":0.9878485203,"14":0.9878562093,"15":0.9878944755,"16":0.9878629446,"17":0.9878925681,"18":0.9880235791,"19":0.9880165458,"20":0.9880459905,"21":0.9879361987,"22":0.9881333113,"23":0.9883614182,"24":0.9883627295,"25":0.9883924127,"26":0.9884517193,"27":0.9881181717,"28":0.9887022972,"29":0.9882621169,"30":0.9886271954,"31":0.9889228344,"32":0.9885934591,"33":0.9885471463,"34":0.9890257716,"35":0.9887069464,"36":0.9889066219,"37":0.988937676,"38":0.9885286689,"39":0.9888491631,"40":0.9888786077,"41":0.9893219471,"42":0.989446938,"43":0.9893108606,"44":0.9891576767,"45":0.9889603257,"46":0.9885673523,"47":0.9893388748,"48":0.9894989729,"49":0.9893406034,"50":0.9894851446,"51":0.9895113707,"52":0.9896884561,"53":0.9896764755,"54":0.9897729754,"55":0.9898529649,"56":0.9897274375,"57":0.9897500277,"58":0.9897459745,"59":0.989806056,"60":0.9899352193,"61":0.9900224209,"62":0.9899780154,"63":0.9898865819,"64":0.9899488091,"65":0.9891462326,"66":0.9897591472,"67":0.9899619222,"68":0.9900056124,"69":0.9900770187,"70":0.9899567366,"71":0.9898787737,"72":0.9896062016,"73":0.9894259572,"74":0.9899539948,"75":0.9900950193,"76":0.9901126027,"77":0.989946425,"78":0.9900816083,"79":0.9902321696},"val_loss":{"0":0.0244030319,"1":0.0203648061,"2":0.0367011875,"3":0.0393599458,"4":0.0246717036,"5":0.0356251225,"6":0.03869728,"7":0.0231735818,"8":0.0240720455,"9":0.0177779384,"10":0.0347013511,"11":0.0194014888,"12":0.0477250107,"13":0.024153972,"14":0.0202561487,"15":0.0191146489,"16":0.0179009587,"17":0.0221327823,"18":0.0178641416,"19":0.0157590359,"20":0.0230485145,"21":0.0169592816,"22":0.0177891478,"23":0.0187633354,"24":0.0234010108,"25":0.018201407,"26":0.0210580807,"27":0.0209188368,"28":0.0167935491,"29":0.0182177071,"30":0.0197881535,"31":0.0170667171,"32":0.0171611123,"33":0.0216104873,"34":0.01989232,"35":0.0165245533,"36":0.0198046975,"37":0.0164669584,"38":0.0162851978,"39":0.0241503604,"40":0.0157933962,"41":0.0191475302,"42":0.0215491522,"43":0.0148165105,"44":0.0195448827,"45":0.0179942735,"46":0.0280217808,"47":0.0214339346,"48":0.017188739,"49":0.0202376731,"50":0.0176724121,"51":0.0152794989,"52":0.0176998042,"53":0.0176645909,"54":0.0187192708,"55":0.0206233561,"56":0.018173743,"57":0.0173262749,"58":0.0157417599,"59":0.0219344161,"60":0.0198073909,"61":0.0182112437,"62":0.0160467569,"63":0.0186280292,"64":0.0157431494,"65":0.0163596962,"66":0.0156509429,"67":0.0230953209,"68":0.0165830981,"69":0.0166328438,"70":0.0205449238,"71":0.0178800598,"72":0.0187432934,"73":0.0183153469,"74":0.0158540122,"75":0.0173947681,"76":0.0165283922,"77":0.0198346134,"78":0.0177434087,"79":0.0159995779},"val_sparse_categorical_accuracy":{"0":0.9806388617,"1":0.9845352173,"2":0.9878054857,"3":0.987811923,"4":0.9878179431,"5":0.987817049,"6":0.9878185391,"7":0.9878175855,"8":0.9878188968,"9":0.9878216982,"10":0.9878185391,"11":0.9878185391,"12":0.9878181815,"13":0.9878394604,"14":0.9878556132,"15":0.9879474044,"16":0.9878413081,"17":0.9878593087,"18":0.9881231189,"19":0.9879089594,"20":0.9878163338,"21":0.9879801869,"22":0.9880421162,"23":0.9883394837,"24":0.9880761504,"25":0.9883564115,"26":0.9886823893,"27":0.9881068468,"28":0.9884693623,"29":0.9884122014,"30":0.9885700345,"31":0.9882937074,"32":0.9886713624,"33":0.9884577394,"34":0.9890621305,"35":0.9886264801,"36":0.988967061,"37":0.9891393781,"38":0.9879761934,"39":0.9884746075,"40":0.9889066219,"41":0.9890114665,"42":0.9889560342,"43":0.9891033769,"44":0.9889244437,"45":0.9878239036,"46":0.9884322882,"47":0.9889630079,"48":0.9890829325,"49":0.9891952872,"50":0.9891403913,"51":0.9894658327,"52":0.9893342853,"53":0.989589572,"54":0.9893382192,"55":0.9889178276,"56":0.9894397855,"57":0.9892728925,"58":0.9892588854,"59":0.9892792106,"60":0.9895697832,"61":0.9895141721,"62":0.989354372,"63":0.9893707633,"64":0.989585042,"65":0.9892761707,"66":0.9896295667,"67":0.9889447689,"68":0.9896261692,"69":0.9897261262,"70":0.9896765351,"71":0.9894862771,"72":0.988150537,"73":0.9895845652,"74":0.9897280931,"75":0.9896042347,"76":0.9895658493,"77":0.9897168279,"78":0.9894891977,"79":0.9896365404}}