{"loss":{"0":0.0458143689,"1":0.0255636964,"2":0.0229344591,"3":0.0219394974,"4":0.0213757511,"5":0.0209142677,"6":0.0202350914,"7":0.0197747182,"8":0.0195691809,"9":0.0196818877,"10":0.019063998,"11":0.0190585069,"12":0.0186636448,"13":0.0187517535,"14":0.0182704758,"15":0.0180040505,"16":0.0181452427,"17":0.0180987902,"18":0.0175016355,"19":0.0175063256,"20":0.0174595416,"21":0.017196985,"22":0.0169750974,"23":0.017266592,"24":0.0168993846,"25":0.0169283003,"26":0.0167389307,"27":0.0166897345,"28":0.0166335385,"29":0.0166723542,"30":0.0166419949,"31":0.0164821614,"32":0.0165781844,"33":0.0168289654,"34":0.0163084716,"35":0.0161932353,"36":0.0164845809,"37":0.016226247,"38":0.0171995834,"39":0.0180694181,"40":0.0173282437,"41":0.0168677196,"42":0.0163696073,"43":0.0162074119,"44":0.0159813333,"45":0.0159035996,"46":0.0161252208,"47":0.016125001,"48":0.0158358812,"49":0.0155404489,"50":0.0153721012,"51":0.0154213896,"52":0.0156530533,"53":0.0152432732,"54":0.0169778913,"55":0.0159347188,"56":0.0154627282,"57":0.0151888132,"58":0.0149772596,"59":0.0152893132},"sparse_categorical_accuracy":{"0":0.9675987959,"1":0.985247016,"2":0.9876058102,"3":0.9876774549,"4":0.9877396822,"5":0.9877488017,"6":0.9877541065,"7":0.9877495766,"8":0.9877650738,"9":0.9877910018,"10":0.9878138304,"11":0.9878184199,"12":0.9878187776,"13":0.987822175,"14":0.9878215194,"15":0.9878227115,"16":0.9878230691,"17":0.987617135,"18":0.9878137112,"19":0.9878276587,"20":0.9878278971,"21":0.9878783226,"22":0.9879229069,"23":0.9879230857,"24":0.9879893064,"25":0.9879564047,"26":0.9882074594,"27":0.9882795215,"28":0.9881497025,"29":0.9879072905,"30":0.9879293442,"31":0.9882007241,"32":0.9880554676,"33":0.9882641435,"34":0.9881231189,"35":0.9881609678,"36":0.98827672,"37":0.9884007573,"38":0.9880281091,"39":0.9878301024,"40":0.9878799319,"41":0.9879713058,"42":0.9881371856,"43":0.9881665111,"44":0.9882068038,"45":0.9885002375,"46":0.9882357717,"47":0.9880270958,"48":0.9883834124,"49":0.9886969328,"50":0.9886568785,"51":0.9886969328,"52":0.9886263013,"53":0.9888647199,"54":0.9877423644,"55":0.9879458547,"56":0.9884969592,"57":0.9888694882,"58":0.9888629913,"59":0.9886718988},"val_loss":{"0":0.0384772904,"1":0.0228143148,"2":0.0273653027,"3":0.0269678757,"4":0.0207028873,"5":0.0218593553,"6":0.0299875177,"7":0.0407939777,"8":0.0317820907,"9":0.0294112228,"10":0.039622657,"11":0.019597508,"12":0.0267924033,"13":0.0253931321,"14":0.0278771166,"15":0.0161730219,"16":0.0295690671,"17":0.0408277884,"18":0.0239153467,"19":0.0197744612,"20":0.0165653769,"21":0.0172287226,"22":0.021038238,"23":0.0279675815,"24":0.0160081629,"25":0.017505534,"26":0.0245624445,"27":0.0240249466,"28":0.0212941058,"29":0.019152265,"30":0.0233072005,"31":0.0218389984,"32":0.0160827506,"33":0.0269558951,"34":0.0258357078,"35":0.0235779528,"36":0.0177690964,"37":0.022344593,"38":0.0178589374,"39":0.0228018574,"40":0.0201891605,"41":0.021340616,"42":0.0203273278,"43":0.0182192139,"44":0.0191950072,"45":0.0220035221,"46":0.0153380409,"47":0.0153656043,"48":0.0220935233,"49":0.0192644708,"50":0.0153928027,"51":0.0181767326,"52":0.0159417223,"53":0.0150189213,"54":0.0155319376,"55":0.0180958714,"56":0.0182481743,"57":0.0162505358,"58":0.0212663244,"59":0.0147292251},"val_sparse_categorical_accuracy":{"0":0.9806388617,"1":0.9874290228,"2":0.9878180623,"3":0.9878110886,"4":0.9878185391,"5":0.9878194928,"6":0.9878157377,"7":0.9878216982,"8":0.9878186584,"9":0.9878212214,"10":0.9878216982,"11":0.9878196716,"12":0.9878216982,"13":0.9878216982,"14":0.9878216982,"15":0.9878216982,"16":0.9878216982,"17":0.98781991,"18":0.9878216982,"19":0.9878219962,"20":0.9878329635,"21":0.9878216982,"22":0.9879448414,"23":0.9878216982,"24":0.9878396988,"25":0.9878228307,"26":0.9878216982,"27":0.9878216982,"28":0.987821877,"29":0.9878216982,"30":0.9878245592,"31":0.9878216982,"32":0.9882846475,"33":0.9878216982,"34":0.9878216982,"35":0.987822473,"36":0.9879325032,"37":0.9882186055,"38":0.9878216982,"39":0.9878216982,"40":0.9878216982,"41":0.9878245592,"42":0.987821877,"43":0.9878284335,"44":0.9878318906,"45":0.9878221154,"46":0.9878216982,"47":0.9882935882,"48":0.987836659,"49":0.9884285927,"50":0.9882173538,"51":0.9882932305,"52":0.988802433,"53":0.9889425635,"54":0.9878203273,"55":0.9880999923,"56":0.9880016446,"57":0.9882600904,"58":0.9880768657,"59":0.9886420369}}