{"loss":{"0":0.0448477603,"1":0.0239470303,"2":0.0212487914,"3":0.0197474603,"4":0.0193329565,"5":0.0190268215,"6":0.0185858682,"7":0.0181493144,"8":0.0178465582,"9":0.0178412516,"10":0.0177605189,"11":0.0175965708,"12":0.0171856191,"13":0.0169421099,"14":0.0166626927,"15":0.0167739987,"16":0.0168058686,"17":0.0168693233,"18":0.016265206,"19":0.0163612589,"20":0.0168641936,"21":0.0171096921,"22":0.0166459437,"23":0.0166563969,"24":0.016020814,"25":0.0158564691,"26":0.016063327,"27":0.0168876946,"28":0.0164434966,"29":0.0157076176,"30":0.0157221816,"31":0.0157065522,"32":0.0154990712,"33":0.0155733898,"34":0.0160323419,"35":0.0155943232,"36":0.0154884942,"37":0.0157420896,"38":0.0152575513,"39":0.0155197168,"40":0.0152254067,"41":0.0153133329,"42":0.0151889306,"43":0.0152111193,"44":0.0150381094,"45":0.0156887081,"46":0.0152600566,"47":0.0148445582,"48":0.0149802864,"49":0.0149816265,"50":0.0152587108,"51":0.0147366105,"52":0.0151276123,"53":0.0153883053,"54":0.0147998445,"55":0.0147303892,"56":0.0146603929,"57":0.0149395261,"58":0.0147951711,"59":0.0145665444},"sparse_categorical_accuracy":{"0":0.9397827983,"1":0.9819146991,"2":0.9874474406,"3":0.9878152609,"4":0.9878311753,"5":0.9878357053,"6":0.9878442287,"7":0.9878477454,"8":0.9878515005,"9":0.9878507257,"10":0.987852931,"11":0.9878530502,"12":0.987852037,"13":0.9878555536,"14":0.9878263474,"15":0.9878559113,"16":0.9878563285,"17":0.9878507257,"18":0.9880193472,"19":0.9879079461,"20":0.987872839,"21":0.9878542423,"22":0.9878553748,"23":0.9878569841,"24":0.9879223704,"25":0.9881279469,"26":0.9877765775,"27":0.9878564477,"28":0.9878627062,"29":0.9879742861,"30":0.9881067276,"31":0.9880381823,"32":0.9881799817,"33":0.9881180525,"34":0.987985909,"35":0.9882546663,"36":0.9884527922,"37":0.9883183837,"38":0.9885390997,"39":0.9882709384,"40":0.9884852171,"41":0.9883502126,"42":0.9883201122,"43":0.9885812998,"44":0.9885372519,"45":0.9884884953,"46":0.9882543683,"47":0.9886729717,"48":0.9885758162,"49":0.9886587262,"50":0.9885617495,"51":0.9886937737,"52":0.9883439541,"53":0.9884040356,"54":0.9889056087,"55":0.9887607694,"56":0.9890479445,"57":0.9886657596,"58":0.9886188507,"59":0.9889032841},"val_loss":{"0":0.0249826815,"1":0.0240960121,"2":0.0209998973,"3":0.0282988977,"4":0.0275003109,"5":0.0277587473,"6":0.0231132638,"7":0.0304232538,"8":0.0362086333,"9":0.0333718583,"10":0.0328084528,"11":0.0222146381,"12":0.0228925962,"13":0.0160423964,"14":0.0246376395,"15":0.0254699793,"16":0.0304989628,"17":0.0250452813,"18":0.0277384967,"19":0.0189203043,"20":0.0202546567,"21":0.0175278727,"22":0.0207742825,"23":0.0261930563,"24":0.0229643509,"25":0.021986695,"26":0.0252384134,"27":0.0300228782,"28":0.0179817379,"29":0.0190263446,"30":0.01820633,"31":0.0211337358,"32":0.0262989048,"33":0.0201573558,"34":0.0172949359,"35":0.0223969463,"36":0.0166199077,"37":0.0157852862,"38":0.0181566756,"39":0.0196171869,"40":0.0167516135,"41":0.0163224172,"42":0.0252765752,"43":0.0158980396,"44":0.0235084686,"45":0.016923368,"46":0.0193236675,"47":0.0155699318,"48":0.0206271689,"49":0.0218126327,"50":0.0161657427,"51":0.0210743845,"52":0.0218788143,"53":0.0204607416,"54":0.0172497928,"55":0.0189525019,"56":0.0158360749,"57":0.0148542328,"58":0.0167166162,"59":0.0163637176},"val_sparse_categorical_accuracy":{"0":0.9806389809,"1":0.9830052257,"2":0.9878112078,"3":0.9878116846,"4":0.9878185391,"5":0.9878200293,"6":0.9878185391,"7":0.9878213406,"8":0.9878181815,"9":0.9878216982,"10":0.9878216982,"11":0.9878202081,"12":0.9878216982,"13":0.9878393412,"14":0.9878216982,"15":0.9878216982,"16":0.9878216982,"17":0.9878216386,"18":0.9878216982,"19":0.9878216982,"20":0.9878216982,"21":0.9878216982,"22":0.9878216982,"23":0.9878223538,"24":0.988258183,"25":0.9879339337,"26":0.9878216982,"27":0.9878216982,"28":0.9878512025,"29":0.9879603982,"30":0.9879132509,"31":0.9881144762,"32":0.9878358245,"33":0.9886227846,"34":0.9879381061,"35":0.9886522889,"36":0.9879448414,"37":0.9887593985,"38":0.9888637662,"39":0.9881227612,"40":0.9887676835,"41":0.9889214039,"42":0.9890742302,"43":0.9889653325,"44":0.9891190529,"45":0.9882275462,"46":0.988658905,"47":0.9889916182,"48":0.9890156388,"49":0.9889489412,"50":0.9889996052,"51":0.9890964031,"52":0.9885480404,"53":0.9890650511,"54":0.9890534282,"55":0.9893190265,"56":0.9885249138,"57":0.9889888167,"58":0.9890425801,"59":0.9891954064}}