{"loss":{"0":0.18847996,"1":0.0646931157,"2":0.039034903,"3":0.0218002237,"4":0.0184828117,"5":0.015075529,"6":0.0141569842,"7":0.0135403257,"8":0.0128458934,"9":0.0119690541,"10":0.011020896,"11":0.010293236,"12":0.0097317267,"13":0.0091819577,"14":0.0085365484,"15":0.0080012958,"16":0.0075479713,"17":0.0072959512,"18":0.0069729439,"19":0.0067603826,"20":0.0066201258,"21":0.0065659476,"22":0.0061874022,"23":0.0061090891,"24":0.0059077973,"25":0.0058147213,"26":0.0056406157,"27":0.005575852,"28":0.005573004,"29":0.0053831046,"30":0.0052187997,"31":0.0052516633,"32":0.0052375151,"33":0.005156694,"34":0.0050147949,"35":0.0049423813,"36":0.0048754336,"37":0.0046910583,"38":0.0046859439,"39":0.0045814808},"sparse_categorical_accuracy":{"0":0.5549247265,"1":0.820625484,"2":0.9493345022,"3":0.9794239998,"4":0.9796360731,"5":0.9809833765,"6":0.9810240865,"7":0.9813500047,"8":0.9816331267,"9":0.9822257161,"10":0.9824334383,"11":0.9825277925,"12":0.9828745127,"13":0.9831561446,"14":0.9836503863,"15":0.9846491218,"16":0.985642612,"17":0.986348927,"18":0.9867933989,"19":0.9872626066,"20":0.9874694943,"21":0.9878153205,"22":0.9884608388,"23":0.9885666966,"24":0.9889500737,"25":0.9892092943,"26":0.9895175695,"27":0.9894522429,"28":0.9895390868,"29":0.9899196625,"30":0.99027282,"31":0.9901371598,"32":0.9901919961,"33":0.9901353121,"34":0.9905281067,"35":0.990671277,"36":0.9907308817,"37":0.9910942316,"38":0.9910897017,"39":0.9913349152},"val_loss":{"0":0.0748689622,"1":0.0466504805,"2":0.0237346161,"3":0.0167213157,"4":0.0153346481,"5":0.0147381527,"6":0.0145791378,"7":0.014584465,"8":0.0144499429,"9":0.014184474,"10":0.0142635731,"11":0.0144265871,"12":0.0143671604,"13":0.0143931713,"14":0.0132842939,"15":0.0127426339,"16":0.0113412598,"17":0.011801526,"18":0.0117553649,"19":0.0108086616,"20":0.0106124729,"21":0.0094228927,"22":0.0100097358,"23":0.0091030132,"24":0.0095127588,"25":0.0080483286,"26":0.0094133615,"27":0.00842625,"28":0.0078244312,"29":0.0081630554,"30":0.0078295637,"31":0.0071359039,"32":0.0068029868,"33":0.0072374693,"34":0.0075684041,"35":0.0069967583,"36":0.0061696772,"37":0.0069505419,"38":0.0064766658,"39":0.0058755651},"val_sparse_categorical_accuracy":{"0":0.7201099992,"1":0.9803532362,"2":0.9803532362,"3":0.9803532362,"4":0.9803532362,"5":0.9803532362,"6":0.9803532362,"7":0.9803532362,"8":0.9803532362,"9":0.9804139137,"10":0.980530858,"11":0.9807853103,"12":0.9811542034,"13":0.9814937711,"14":0.9820466042,"15":0.9822130799,"16":0.9825902581,"17":0.9825809598,"18":0.9831280112,"19":0.9835383296,"20":0.9847222567,"21":0.986130178,"22":0.9858591557,"23":0.9876342416,"24":0.9875885248,"25":0.9884156585,"26":0.9876638055,"27":0.9881453514,"28":0.9890452623,"29":0.9886704683,"30":0.9890596271,"31":0.9894658923,"32":0.9895654917,"33":0.9896653295,"34":0.989710629,"35":0.9898526669,"36":0.9908736944,"37":0.990323782,"38":0.9904464483,"39":0.9912093282}}