{"loss":{"0":0.1188622564,"1":0.0440728925,"2":0.030920051,"3":0.0202877987,"4":0.0164312683,"5":0.0141119566,"6":0.0126952929,"7":0.0119250789,"8":0.0117180916,"9":0.0116664236,"10":0.0113337431,"11":0.0111274906,"12":0.011066189,"13":0.0110426312,"14":0.0109662348,"15":0.0107671283,"16":0.0105381897,"17":0.0103586325,"18":0.0098514548,"19":0.0095326435,"20":0.0092070391,"21":0.0092012556,"22":0.008785543,"23":0.0084610591,"24":0.0087450426,"25":0.0083237365,"26":0.0079130679,"27":0.007590299,"28":0.0074185277,"29":0.0074029113,"30":0.0070271613,"31":0.0072766975,"32":0.0070893727,"33":0.006838372,"34":0.0065426165,"35":0.0066895452,"36":0.0067482665,"37":0.0089722192,"38":0.0109253889,"39":0.0098499712},"sparse_categorical_accuracy":{"0":0.6895281672,"1":0.9703077674,"2":0.9751793742,"3":0.982491076,"4":0.9836335778,"5":0.9850358963,"6":0.9860135913,"7":0.9870683551,"8":0.9871154428,"9":0.9870502353,"10":0.9872837067,"11":0.9872089028,"12":0.9871421456,"13":0.9872985482,"14":0.9871572852,"15":0.9872659445,"16":0.9872437119,"17":0.9872213602,"18":0.9872462749,"19":0.9872778058,"20":0.9872170687,"21":0.9873149991,"22":0.9872993231,"23":0.9873427153,"24":0.986341536,"25":0.9872956872,"26":0.987256825,"27":0.9873341322,"28":0.9872697592,"29":0.9873517752,"30":0.9872605205,"31":0.9873229265,"32":0.9873604774,"33":0.9873573184,"34":0.9873890281,"35":0.9873791337,"36":0.9873927832,"37":0.9872919321,"38":0.9872457981,"39":0.9873290658},"val_loss":{"0":0.0365598276,"1":0.0284543131,"2":0.0237508528,"3":0.018554505,"4":0.0158878863,"5":0.0144359274,"6":0.0132978065,"7":0.0128409415,"8":0.0127021419,"9":0.0121793076,"10":0.012059154,"11":0.0118113635,"12":0.0121508669,"13":0.0115454411,"14":0.011410051,"15":0.0116065312,"16":0.012433948,"17":0.011921633,"18":0.0116682351,"19":0.0145306541,"20":0.0115480321,"21":0.0128705921,"22":0.010372364,"23":0.0110690072,"24":0.0127979675,"25":0.0101603689,"26":0.0118246824,"27":0.0128314132,"28":0.0098928493,"29":0.0115489317,"30":0.0129894828,"31":0.0115708336,"32":0.0097767012,"33":0.0107121468,"34":0.0128449816,"35":0.0115991272,"36":0.009987684,"37":0.1958525777,"38":0.0685089678,"39":0.0131445201},"val_sparse_categorical_accuracy":{"0":0.9806388617,"1":0.9806416631,"2":0.9819657803,"3":0.982272923,"4":0.9822832346,"5":0.982283473,"6":0.9822835922,"7":0.9823129773,"8":0.9826136827,"9":0.9841368198,"10":0.9850270152,"11":0.9855642915,"12":0.9858436584,"13":0.9858227372,"14":0.9858527184,"15":0.9858589172,"16":0.9858602881,"17":0.9858600497,"18":0.9858606458,"19":0.9858777523,"20":0.9862171412,"21":0.9863418341,"22":0.9874921441,"23":0.9877613783,"24":0.9877922535,"25":0.9869709015,"26":0.9877984524,"27":0.9869360924,"28":0.9878084064,"29":0.9876478314,"30":0.9878106117,"31":0.9877992272,"32":0.9878123403,"33":0.9878143072,"34":0.9878169298,"35":0.9878178239,"36":0.9878156185,"37":0.9842169285,"38":0.9864146113,"39":0.9874480963}}