{"loss":{"0":0.0347149856,"1":0.0219272934,"2":0.0206578057,"3":0.01925027,"4":0.0192994587,"5":0.0187825412,"6":0.0191513319,"7":0.0183523949,"8":0.0178971887,"9":0.0177981388,"10":0.0181661136,"11":0.0181534439,"12":0.0178449582,"13":0.0175520964,"14":0.0174673945,"15":0.0170696359,"16":0.017329799,"17":0.01679058,"18":0.0167840514,"19":0.0165697914,"20":0.016422905,"21":0.0165979415,"22":0.0166633166,"23":0.0162202623,"24":0.0162995234,"25":0.0159309898,"26":0.0162670799,"27":0.0160847772,"28":0.0159485247,"29":0.0158451889,"30":0.01570566,"31":0.0157972984,"32":0.0165581796,"33":0.0157444831,"34":0.0159931481,"35":0.0156227937,"36":0.0154266823,"37":0.0154694933,"38":0.0163643342,"39":0.0154814795,"40":0.0152943535,"41":0.0152058471,"42":0.0151032144,"43":0.0150014115,"44":0.0152951153,"45":0.0151322084,"46":0.0149100758,"47":0.0146723986,"48":0.0147620179,"49":0.0152774546,"50":0.0146950986,"51":0.0148241771,"52":0.0146693019,"53":0.0146554215,"54":0.0155345947,"55":0.0158796813,"56":0.0154385483,"57":0.0149203436,"58":0.0147415055,"59":0.0145577211},"sparse_categorical_accuracy":{"0":0.9787926078,"1":0.9847935438,"2":0.9875057936,"3":0.9878138304,"4":0.9878127575,"5":0.9878207445,"6":0.987821281,"7":0.9878399968,"8":0.9878379703,"9":0.9878438115,"10":0.9878421426,"11":0.9878405333,"12":0.9878474474,"13":0.9878488779,"14":0.9878454804,"15":0.9878518581,"16":0.9878386855,"17":0.9878450036,"18":0.9878595471,"19":0.9878499508,"20":0.9878605008,"21":0.9878362417,"22":0.9878560305,"23":0.9878678918,"24":0.9878501892,"25":0.9879033566,"26":0.9878621697,"27":0.9879100323,"28":0.9879054427,"29":0.9879201651,"30":0.9881205559,"31":0.9881461859,"32":0.9880270958,"33":0.9880754352,"34":0.9882666469,"35":0.9882388711,"36":0.9884177446,"37":0.9884819984,"38":0.9876356721,"39":0.9883201122,"40":0.9885920286,"41":0.9886974692,"42":0.9889128804,"43":0.9890069962,"44":0.9886419177,"45":0.9888033867,"46":0.988937974,"47":0.9891510606,"48":0.9892116785,"49":0.9883055091,"50":0.9891179204,"51":0.9890829921,"52":0.9891116619,"53":0.9891383052,"54":0.9881562591,"55":0.9880785942,"56":0.9890201688,"57":0.9888315797,"58":0.9894046187,"59":0.9893537164},"val_loss":{"0":0.0275851581,"1":0.0201472584,"2":0.020743968,"3":0.0255024005,"4":0.0414704904,"5":0.0490664169,"6":0.0361945778,"7":0.0348999426,"8":0.0341061465,"9":0.0272147153,"10":0.03295587,"11":0.0306652077,"12":0.0249781106,"13":0.020819841,"14":0.0291578732,"15":0.0218489915,"16":0.0280932002,"17":0.0318433195,"18":0.0209226198,"19":0.0248440523,"20":0.0163766686,"21":0.0193281826,"22":0.0220793765,"23":0.0177810434,"24":0.0229911264,"25":0.0249055196,"26":0.0165126435,"27":0.0236093365,"28":0.0202746615,"29":0.0192213692,"30":0.0169886388,"31":0.0175816305,"32":0.0206539091,"33":0.0211809818,"34":0.0197555162,"35":0.0223973971,"36":0.0214814171,"37":0.0205863696,"38":0.018547656,"39":0.0187311992,"40":0.0161277652,"41":0.022994196,"42":0.0225671437,"43":0.02021184,"44":0.0229176059,"45":0.0197735969,"46":0.0232071113,"47":0.0163027588,"48":0.0218791049,"49":0.0169888791,"50":0.0181163326,"51":0.0197989922,"52":0.0185910016,"53":0.0196078569,"54":0.0178546812,"55":0.0160811041,"56":0.0186314583,"57":0.0192643553,"58":0.0207737088,"59":0.0181330144},"val_sparse_categorical_accuracy":{"0":0.9806388617,"1":0.9861508012,"2":0.987785995,"3":0.9878045917,"4":0.9878026843,"5":0.9878152609,"6":0.9878177643,"7":0.9878157973,"8":0.9878185391,"9":0.9878185391,"10":0.9878165722,"11":0.9878185391,"12":0.9878185391,"13":0.9878150821,"14":0.9878216982,"15":0.9878205061,"16":0.987821579,"17":0.9878298044,"18":0.9878251553,"19":0.987821877,"20":0.9878212214,"21":0.9878216982,"22":0.9878216982,"23":0.9878207445,"24":0.9878216982,"25":0.9878267646,"26":0.9878320098,"27":0.9878216982,"28":0.988073349,"29":0.9881255627,"30":0.9879738688,"31":0.988080442,"32":0.9877622724,"33":0.9882981181,"34":0.9878498912,"35":0.9883862734,"36":0.9883930087,"37":0.9854316115,"38":0.987849772,"39":0.988340497,"40":0.9884452224,"41":0.988127172,"42":0.9884582162,"43":0.9885280728,"44":0.988904655,"45":0.9887194633,"46":0.9889233708,"47":0.9886284471,"48":0.9886083603,"49":0.9884802103,"50":0.9883923531,"51":0.9888240099,"52":0.9888072014,"53":0.9887551069,"54":0.9878688455,"55":0.9881170392,"56":0.9889075756,"57":0.9890246987,"58":0.9889512658,"59":0.9886968136}}