{"loss":{"0":0.1420975029,"1":0.0393846333,"2":0.016738873,"3":0.0139180832,"4":0.0134030171,"5":0.012948012,"6":0.0127429934,"7":0.0126478178,"8":0.0124974903,"9":0.0124156708,"10":0.0121987034,"11":0.0118763642,"12":0.011648274,"13":0.0113237146,"14":0.0125881964,"15":0.0115865916,"16":0.011429227,"17":0.0113748014,"18":0.0113294898,"19":0.011315289,"20":0.0112788696,"21":0.0112550091,"22":0.0112020066,"23":0.0111645525,"24":0.0111506395},"sparse_categorical_accuracy":{"0":0.6759656072,"1":0.9756358266,"2":0.9808714986,"3":0.9814203978,"4":0.9823679328,"5":0.9835101366,"6":0.9839440584,"7":0.9840576053,"8":0.984156251,"9":0.984179616,"10":0.984316349,"11":0.9853029251,"12":0.9856874347,"13":0.9863992929,"14":0.9843425155,"15":0.98695755,"16":0.9873657227,"17":0.9875377417,"18":0.9875472784,"19":0.9875561595,"20":0.9876856804,"21":0.987621963,"22":0.9876563549,"23":0.9876768589,"24":0.9877074957},"val_loss":{"0":0.0194456857,"1":0.0210786145,"2":0.0143711343,"3":0.0140457274,"4":0.0139103858,"5":0.013582929,"6":0.0132650798,"7":0.0128753278,"8":0.0126682762,"9":0.0124033429,"10":0.0122828316,"11":0.0119737834,"12":0.0116264839,"13":0.0114858393,"14":0.0119162295,"15":0.011618467,"16":0.0113625228,"17":0.0112558231,"18":0.0111731514,"19":0.0111888703,"20":0.0111687798,"21":0.0111347353,"22":0.0110938977,"23":0.0110714165,"24":0.0110855345},"val_sparse_categorical_accuracy":{"0":0.9806393385,"1":0.9806388617,"2":0.9806388617,"3":0.9806392193,"4":0.9806400537,"5":0.9806429148,"6":0.9806668758,"7":0.9824971557,"8":0.9834888577,"9":0.9841579199,"10":0.9840829968,"11":0.9842075109,"12":0.9848811626,"13":0.9847688675,"14":0.9855930209,"15":0.9861719012,"16":0.9870746136,"17":0.9877926707,"18":0.9878078103,"19":0.9878188968,"20":0.9878200889,"21":0.9878211617,"22":0.9878212214,"23":0.9878211021,"24":0.9878213406}}