{"loss":{"0":0.1523608565,"1":0.0534780212,"2":0.0323472433,"3":0.0241802204,"4":0.0186463073,"5":0.0157822296,"6":0.0146208117,"7":0.0132690761,"8":0.0119176097,"9":0.0116093559,"10":0.0108476486,"11":0.0104162004,"12":0.009852089,"13":0.0095703481,"14":0.0092456294,"15":0.0091057885,"16":0.0087113334,"17":0.0083091771,"18":0.0079536475,"19":0.0076406412,"20":0.0074122297,"21":0.007557204,"22":0.0070032105,"23":0.0064650485,"24":0.006246971,"25":0.0063900696,"26":0.0059542917,"27":0.0057359017,"28":0.0056108451,"29":0.0054485756,"30":0.0052967686,"31":0.0052528395,"32":0.0051695872,"33":0.0050032171,"34":0.0049612336},"sparse_categorical_accuracy":{"0":0.6430618763,"1":0.9245222211,"2":0.9740914702,"3":0.9785595536,"4":0.9830434918,"5":0.9842426777,"6":0.9845950007,"7":0.9855658412,"8":0.9862442017,"9":0.9861409664,"10":0.9866259694,"11":0.9868973494,"12":0.9870922565,"13":0.9871992469,"14":0.9872608781,"15":0.9873722196,"16":0.9873534441,"17":0.9876548052,"18":0.9878650308,"19":0.9878247976,"20":0.9877214432,"21":0.9873638749,"22":0.9878719449,"23":0.9883958101,"24":0.988956213,"25":0.9887732863,"26":0.9892224669,"27":0.989569068,"28":0.9898739457,"29":0.98990798,"30":0.9902541637,"31":0.9904527068,"32":0.9904872179,"33":0.9908713698,"34":0.9910744429},"val_loss":{"0":0.0495570078,"1":0.0268035047,"2":0.0199501105,"3":0.0173678454,"4":0.0150172357,"5":0.0133005297,"6":0.0131105175,"7":0.0122733675,"8":0.0115232104,"9":0.0110584684,"10":0.0116211576,"11":0.0114090554,"12":0.0093794297,"13":0.0102072405,"14":0.0113342237,"15":0.011284533,"16":0.0104671372,"17":0.0109647578,"18":0.0114748459,"19":0.0108773327,"20":0.0126030073,"21":0.0119240703,"22":0.0094410293,"23":0.0102287773,"24":0.0114732105,"25":0.0100131594,"26":0.0121716177,"27":0.0137248589,"28":0.0107164895,"29":0.0097366245,"30":0.0118951052,"31":0.0095674517,"32":0.0120690055,"33":0.0131240357,"34":0.0085724238},"val_sparse_categorical_accuracy":{"0":0.9806388617,"1":0.9806388617,"2":0.9806426764,"3":0.9814171791,"4":0.9838449955,"5":0.9840524197,"6":0.9847910404,"7":0.9856095314,"8":0.9857725501,"9":0.9856779575,"10":0.9858212471,"11":0.9874892235,"12":0.9877336025,"13":0.9878203869,"14":0.9877218008,"15":0.9875918031,"16":0.9877977967,"17":0.987855494,"18":0.9878141284,"19":0.9878439903,"20":0.9877399802,"21":0.9876942039,"22":0.9878326654,"23":0.987857461,"24":0.9877924323,"25":0.9882642627,"26":0.9878276587,"27":0.9878186584,"28":0.9878342152,"29":0.9879657626,"30":0.98782897,"31":0.9880554676,"32":0.987906158,"33":0.987896502,"34":0.9889577627}}