{"loss":{"0":0.1016429365,"1":0.0269017499,"2":0.015124145,"3":0.0142825674,"4":0.0135318395,"5":0.0122327479,"6":0.0119491853,"7":0.0114840353,"8":0.0113164,"9":0.011246765,"10":0.0112048388,"11":0.0115058227,"12":0.0116003929,"13":0.0114935096,"14":0.0113746449,"15":0.0112377899,"16":0.0110631082,"17":0.0108957011,"18":0.0108933654,"19":0.0107477894,"20":0.010582543,"21":0.0104420865,"22":0.0103657832,"23":0.0102336872,"24":0.010071584,"25":0.0098546101,"26":0.0098208161,"27":0.0096107544,"28":0.009667607,"29":0.0098564615,"30":0.0098497858,"31":0.0095660556,"32":0.0094976639,"33":0.0094790058,"34":0.0092929266,"35":0.0093135117,"36":0.0092124082,"37":0.0091879116,"38":0.0097112469,"39":0.009191839},"sparse_categorical_accuracy":{"0":0.8102073073,"1":0.9806323647,"2":0.9808889627,"3":0.9808899164,"4":0.9814902544,"5":0.9849867225,"6":0.9862291813,"7":0.9872584343,"8":0.987438798,"9":0.9874879718,"10":0.9874960184,"11":0.9871499538,"12":0.987362206,"13":0.9875042439,"14":0.9875060916,"15":0.9875205755,"16":0.9876031876,"17":0.987542212,"18":0.9875359535,"19":0.9876077771,"20":0.9875777364,"21":0.9876084924,"22":0.987557292,"23":0.9876348376,"24":0.9875952005,"25":0.987621665,"26":0.9875559807,"27":0.9876133204,"28":0.9876766801,"29":0.9874644876,"30":0.9875450134,"31":0.9877379537,"32":0.9877377152,"33":0.9876247048,"34":0.9875715375,"35":0.9880225062,"36":0.9878826141,"37":0.9876231551,"38":0.9877284765,"39":0.9879390597},"val_loss":{"0":0.0396798924,"1":0.0170388725,"2":0.0141370455,"3":0.0140554812,"4":0.0140365344,"5":0.0238318611,"6":0.0147842001,"7":0.014249404,"8":0.013197775,"9":0.012770297,"10":0.0122759724,"11":0.0123433881,"12":0.0121784769,"13":0.0117827496,"14":0.0114953881,"15":0.0113884853,"16":0.0110796206,"17":0.0108921696,"18":0.0105388351,"19":0.0109002581,"20":0.0107970033,"21":0.0108523089,"22":0.0111957956,"23":0.011251484,"24":0.0113645289,"25":0.0129017988,"26":0.0130734146,"27":0.0131322704,"28":0.0109105362,"29":0.0116600329,"30":0.0106589189,"31":0.0101735368,"32":0.0097096115,"33":0.0094397748,"34":0.0100187026,"35":0.0100427289,"36":0.0099176755,"37":0.0151475584,"38":0.0103801377,"39":0.0100299167},"val_sparse_categorical_accuracy":{"0":0.9806388617,"1":0.9806388617,"2":0.9806388617,"3":0.9806388617,"4":0.9806388617,"5":0.9806388617,"6":0.9806388617,"7":0.9806388617,"8":0.9806388617,"9":0.9806494713,"10":0.9809304476,"11":0.9827203751,"12":0.982645154,"13":0.9852107167,"14":0.9865803719,"15":0.9877790213,"16":0.9878069162,"17":0.9878115654,"18":0.9878147244,"19":0.9877927303,"20":0.9878121614,"21":0.9878100753,"22":0.9878206849,"23":0.9878149629,"24":0.9878094196,"25":0.9878165722,"26":0.9878183007,"27":0.9878188968,"28":0.9878122807,"29":0.9877301455,"30":0.9878143668,"31":0.9878025055,"32":0.987822473,"33":0.9877672791,"34":0.9878131747,"35":0.9878188968,"36":0.9878132343,"37":0.9878080487,"38":0.9877607822,"39":0.9878174663}}