{"loss":{"0":0.0351967029,"1":0.0251136478,"2":0.0229524858,"3":0.0223167762,"4":0.0219441149,"5":0.021109784,"6":0.0210083462,"7":0.0200191624,"8":0.0197879188,"9":0.0183004197,"10":0.0180991031,"11":0.0178180337,"12":0.017856231,"13":0.0177163277,"14":0.0176683925,"15":0.0173159111,"16":0.0172248278,"17":0.0174080171,"18":0.0175448321,"19":0.0177803133,"20":0.0174358469,"21":0.0172330122,"22":0.0169392545,"23":0.016878318,"24":0.0163754467,"25":0.0165224224,"26":0.0166634507,"27":0.0168045517,"28":0.0168845225,"29":0.0164556671,"30":0.0164097846,"31":0.0161680132,"32":0.0162214637,"33":0.0159950387,"34":0.0163654648,"35":0.0160717145,"36":0.0161830671,"37":0.01580121,"38":0.0157193299,"39":0.0156792272,"40":0.0155611262,"41":0.0167114828,"42":0.0160761904,"43":0.015669832,"44":0.01586047,"45":0.01555584,"46":0.0154813351,"47":0.0158905834,"48":0.0157705564,"49":0.0158951692,"50":0.0154986735,"51":0.0152413007,"52":0.0153269786,"53":0.0150395166,"54":0.0152709885,"55":0.0150041301,"56":0.0150208557,"57":0.015991522,"58":0.015541858,"59":0.0160131399},"sparse_categorical_accuracy":{"0":0.9800409675,"1":0.9823102951,"2":0.9861331582,"3":0.9877066612,"4":0.987782836,"5":0.9878015518,"6":0.9878128767,"7":0.9878259301,"8":0.9878229499,"9":0.9878358245,"10":0.987839222,"11":0.9878414869,"12":0.9878417253,"13":0.987842083,"14":0.9878431559,"15":0.987844348,"16":0.9878389835,"17":0.9878365397,"18":0.9877727628,"19":0.9878134131,"20":0.9878386855,"21":0.9878421426,"22":0.9878435731,"23":0.9878445864,"24":0.9878473282,"25":0.9878357053,"26":0.9878354669,"27":0.9878612757,"28":0.9878150225,"29":0.9878537059,"30":0.9878743291,"31":0.9879436493,"32":0.9879380465,"33":0.9879285097,"34":0.9880409241,"35":0.9880312085,"36":0.9879841805,"37":0.9881566167,"38":0.9882076383,"39":0.9881824255,"40":0.9882632494,"41":0.9877383709,"42":0.9879637361,"43":0.9883871078,"44":0.988247335,"45":0.988335073,"46":0.9883186817,"47":0.9880216122,"48":0.9879143238,"49":0.9880380034,"50":0.9882774353,"51":0.9884721041,"52":0.9884131551,"53":0.9886844158,"54":0.9885457158,"55":0.9887334108,"56":0.9888285995,"57":0.9879750609,"58":0.988190949,"59":0.9879108071},"val_loss":{"0":0.0243360195,"1":0.0216827318,"2":0.0201309677,"3":0.0202083588,"4":0.020793058,"5":0.0192564446,"6":0.0187370535,"7":0.0182138998,"8":0.0175921898,"9":0.0166712403,"10":0.0172018446,"11":0.0166945476,"12":0.016525697,"13":0.0181859862,"14":0.0158402883,"15":0.0165628605,"16":0.015751766,"17":0.0169438235,"18":0.0168514587,"19":0.0164193511,"20":0.0159354974,"21":0.0158291254,"22":0.0154968901,"23":0.0156461243,"24":0.0149486382,"25":0.0153439241,"26":0.014989268,"27":0.015084113,"28":0.015020458,"29":0.0147355553,"30":0.0158783123,"31":0.0151172187,"32":0.015923854,"33":0.0146014849,"34":0.0150602022,"35":0.0145354457,"36":0.0146116847,"37":0.0149684139,"38":0.0142623298,"39":0.0143747944,"40":0.0144026196,"41":0.0148248393,"42":0.0147270737,"43":0.0149178673,"44":0.014840411,"45":0.0146402949,"46":0.0145997591,"47":0.0149099194,"48":0.0141608417,"49":0.0149189094,"50":0.0142350476,"51":0.0145693645,"52":0.0141278189,"53":0.0137861287,"54":0.0142612355,"55":0.013877728,"56":0.0139340879,"57":0.0151512306,"58":0.0140875299,"59":0.0145927295},"val_sparse_categorical_accuracy":{"0":0.9806388617,"1":0.9842271805,"2":0.987793088,"3":0.987791121,"4":0.9878065586,"5":0.9878036976,"6":0.9878114462,"7":0.9878011942,"8":0.9878077507,"9":0.9878110886,"10":0.9878162146,"11":0.9878186584,"12":0.9878129363,"13":0.9878177047,"14":0.9878186584,"15":0.9878185391,"16":0.9878213406,"17":0.9878207445,"18":0.9878004193,"19":0.9878183603,"20":0.9878172278,"21":0.987819314,"22":0.9878205657,"23":0.9878205061,"24":0.9878209233,"25":0.9878209233,"26":0.9878207445,"27":0.9879388213,"28":0.987827003,"29":0.9880989194,"30":0.9881427884,"31":0.9879211187,"32":0.9877063036,"33":0.9883627892,"34":0.9879387021,"35":0.9885853529,"36":0.9882691503,"37":0.9881266356,"38":0.9888708591,"39":0.9882833362,"40":0.9883323908,"41":0.9878152013,"42":0.988732338,"43":0.9882783294,"44":0.988781333,"45":0.9878972173,"46":0.9880781174,"47":0.9878178239,"48":0.9882517457,"49":0.9885661602,"50":0.9889212847,"51":0.988404572,"52":0.9891163707,"53":0.9891835451,"54":0.9891259074,"55":0.9891865849,"56":0.9889597297,"57":0.9878221154,"58":0.9889596105,"59":0.9878197312}}