{"loss":{"0":0.1846314967,"1":0.0546402335,"2":0.0263392292,"3":0.0244971979,"4":0.021393599,"5":0.0202947743,"6":0.0198490191,"7":0.0194919389,"8":0.019213032,"9":0.018947823,"10":0.0186529178,"11":0.0184753165,"12":0.0180216786,"13":0.0177478176,"14":0.0176669247,"15":0.0171518885,"16":0.01669796,"17":0.0167476423,"18":0.0164903048,"19":0.0181355402,"20":0.0221073981,"21":0.0202644244,"22":0.0201524589,"23":0.0200580973,"24":0.0199062154,"25":0.0196943246,"26":0.0194534082,"27":0.0190931186,"28":0.0189986192,"29":0.0186343007,"30":0.0182563961,"31":0.0181139428,"32":0.0176704358,"33":0.0175094008,"34":0.0172736812,"35":0.0172819793,"36":0.0170554239,"37":0.0168971233,"38":0.0166488197,"39":0.0166978147,"40":0.0165573042,"41":0.0164512787,"42":0.0162525717,"43":0.0158575084,"44":0.0157728642,"45":0.0155213457,"46":0.015520378,"47":0.0152415484,"48":0.0154918991,"49":0.0153575186,"50":0.0155378683,"51":0.0153776975,"52":0.0150360391,"53":0.0148364995,"54":0.0146972304,"55":0.0146789113,"56":0.014645189,"57":0.0145451762,"58":0.0144067397,"59":0.0144846868},"sparse_categorical_accuracy":{"0":0.7765946388,"1":0.9804944396,"2":0.980927825,"3":0.9818598032,"4":0.9855222106,"5":0.9873509407,"6":0.9875291586,"7":0.9875863791,"8":0.9876473546,"9":0.9876429439,"10":0.9876154661,"11":0.987647891,"12":0.987601459,"13":0.9878324866,"14":0.9876774549,"15":0.9881093502,"16":0.9881106019,"17":0.9881163836,"18":0.9883040786,"19":0.9871401787,"20":0.9862064123,"21":0.9875593781,"22":0.9876021743,"23":0.9876242876,"24":0.987688303,"25":0.9876691103,"26":0.9876937866,"27":0.9876740575,"28":0.9876397848,"29":0.9877167344,"30":0.9878440499,"31":0.9876909256,"32":0.9879244566,"33":0.9880378842,"34":0.988178432,"35":0.9881907701,"36":0.988130331,"37":0.9883026481,"38":0.9885904193,"39":0.9883592129,"40":0.9885059595,"41":0.9886220098,"42":0.9886193871,"43":0.9888865948,"44":0.9888398051,"45":0.9889253974,"46":0.988755703,"47":0.9888981581,"48":0.9888858199,"49":0.9890295863,"50":0.9889236093,"51":0.9889722466,"52":0.9891263247,"53":0.9892427921,"54":0.9892508984,"55":0.9892692566,"56":0.989190042,"57":0.9893180132,"58":0.9893329144,"59":0.9893327355},"val_loss":{"0":0.0911452547,"1":0.0287578404,"2":0.0255264845,"3":0.0250677783,"4":0.0237883087,"5":0.0224463902,"6":0.021023972,"7":0.0208810624,"8":0.0208219048,"9":0.0208975635,"10":0.0196119994,"11":0.0202498734,"12":0.0195468478,"13":0.0186056476,"14":0.0205304604,"15":0.0180336516,"16":0.019264752,"17":0.0187518913,"18":0.0168822967,"19":0.0335880965,"20":0.1069843546,"21":0.0330005623,"22":0.0201676227,"23":0.0200024098,"24":0.0198537167,"25":0.0219749473,"26":0.0199932642,"27":0.0205293801,"28":0.0201733243,"29":0.0206105877,"30":0.0191810932,"31":0.0202520452,"32":0.0192633048,"33":0.0192278884,"34":0.018938303,"35":0.0198636968,"36":0.0190586932,"37":0.019723488,"38":0.0191376768,"39":0.0191943049,"40":0.0175663885,"41":0.018353181,"42":0.017789403,"43":0.0180402622,"44":0.0175223667,"45":0.0200572703,"46":0.0219372418,"47":0.0223465674,"48":0.0218862463,"49":0.0205916036,"50":0.0185834244,"51":0.019428689,"52":0.0202554446,"53":0.0199040938,"54":0.0209153555,"55":0.0169526208,"56":0.0180576704,"57":0.0180679131,"58":0.0189093184,"59":0.018483473},"val_sparse_categorical_accuracy":{"0":0.9806388617,"1":0.9806388617,"2":0.9806388617,"3":0.9806388617,"4":0.9806388617,"5":0.9806483984,"6":0.984613657,"7":0.9876785874,"8":0.9876345992,"9":0.9877890348,"10":0.9878058434,"11":0.9877998233,"12":0.9878117442,"13":0.9876933694,"14":0.9823183417,"15":0.9878108501,"16":0.9878200889,"17":0.9878187776,"18":0.9874541759,"19":0.9878204465,"20":0.9877955317,"21":0.9878078699,"22":0.9878122211,"23":0.9878149033,"24":0.9878153205,"25":0.9878169298,"26":0.9878181219,"27":0.9878176451,"28":0.9878211617,"29":0.9878195524,"30":0.9878195524,"31":0.9878081679,"32":0.9878216982,"33":0.9878213406,"34":0.9878206253,"35":0.9878209829,"36":0.9878209829,"37":0.9876269698,"38":0.9878216982,"39":0.9878184795,"40":0.9878184199,"41":0.987818718,"42":0.9878216386,"43":0.9878216982,"44":0.9878216982,"45":0.987821877,"46":0.9878216982,"47":0.987821579,"48":0.987821579,"49":0.9878088236,"50":0.9878216982,"51":0.9878197312,"52":0.9878216982,"53":0.9878216982,"54":0.9878216982,"55":0.987821877,"56":0.9878216982,"57":0.9878188968,"58":0.9878216982,"59":0.9878215194}}