{"loss":{"0":0.178692922,"1":0.0457490012,"2":0.0217145756,"3":0.0149578117,"4":0.0137034571,"5":0.0128294015,"6":0.0125333266,"7":0.0125291981,"8":0.0125733465,"9":0.0122932587,"10":0.012002808,"11":0.0116384337,"12":0.0114727868,"13":0.0113096582,"14":0.0112547548,"15":0.011083778,"16":0.0108771324,"17":0.0109670348,"18":0.0107739726,"19":0.0106980987,"20":0.0105582252,"21":0.0104167778,"22":0.0103357537,"23":0.0101853488,"24":0.0101439711,"25":0.0098538026,"26":0.0097919935,"27":0.0097097689,"28":0.0115145873,"29":0.0110680275},"sparse_categorical_accuracy":{"0":0.6349763274,"1":0.9597569704,"2":0.9800598621,"3":0.981354475,"4":0.9827978015,"5":0.9844694734,"6":0.9853368402,"7":0.9851934314,"8":0.9854851365,"9":0.9858694673,"10":0.9860773087,"11":0.9867802858,"12":0.9871917963,"13":0.9873591661,"14":0.9875205755,"15":0.9875120521,"16":0.9875838757,"17":0.9875904322,"18":0.9876266122,"19":0.9875889421,"20":0.9876270294,"21":0.987606287,"22":0.987606585,"23":0.9876476526,"24":0.987649858,"25":0.9876412153,"26":0.9874798656,"27":0.9876821637,"28":0.9868180752,"29":0.9875392914},"val_loss":{"0":0.1361119151,"1":0.0279837213,"2":0.0167622268,"3":0.0144882705,"4":0.0135452729,"5":0.0128602963,"6":0.0124741541,"7":0.0123648606,"8":0.0121863782,"9":0.0120307822,"10":0.0119268438,"11":0.0116383359,"12":0.0114031248,"13":0.0111684473,"14":0.0113185868,"15":0.0109652858,"16":0.010869991,"17":0.0108439308,"18":0.0112970946,"19":0.0111812912,"20":0.0124037284,"21":0.0113464538,"22":0.011089595,"23":0.0111079849,"24":0.0128880702,"25":0.0108541185,"26":0.0095871212,"27":0.0101660267,"28":0.0120176999,"29":0.0109091671},"val_sparse_categorical_accuracy":{"0":0.9806859493,"1":0.9806388617,"2":0.9806388617,"3":0.9806388617,"4":0.9806388617,"5":0.9807411432,"6":0.9827262163,"7":0.9858374596,"8":0.9860738516,"9":0.9861504436,"10":0.9861368537,"11":0.9861296415,"12":0.9862553477,"13":0.9867378473,"14":0.9869293571,"15":0.987791121,"16":0.9878006577,"17":0.987801373,"18":0.9878037572,"19":0.9877971411,"20":0.9877979755,"21":0.9878095388,"22":0.9878104329,"23":0.9878088832,"24":0.9878091216,"25":0.9878087044,"26":0.9878118634,"27":0.9878140092,"28":0.9874773026,"29":0.9877917767}}