{"loss":{"0":0.0533788092,"1":0.0235491488,"2":0.0184849016,"3":0.0150359739,"4":0.0134677738,"5":0.0117056575,"6":0.0111127086,"7":0.0107103186,"8":0.0103304219,"9":0.0092543084,"10":0.0091938255,"11":0.0087022334,"12":0.0082536321,"13":0.0085724154,"14":0.0078872163,"15":0.0075716712,"16":0.0071609942,"17":0.0065695085,"18":0.0064714542,"19":0.0061371718,"20":0.0063617136,"21":0.0063699805,"22":0.0058320616,"23":0.0055241743,"24":0.0051257345,"25":0.0058238609,"26":0.0055110143,"27":0.0048915776,"28":0.0049700318,"29":0.0051310193,"30":0.0045823189,"31":0.0044746725,"32":0.0045949817,"33":0.0048155934,"34":0.0043593966,"35":0.0041997358,"36":0.0040793866,"37":0.0039737131,"38":0.0037431207,"39":0.0036283229,"40":0.0039765267,"41":0.0040508574,"42":0.004202954,"43":0.0050413278,"44":0.0053481446,"45":0.0042309989,"46":0.0039374004,"47":0.0035004916,"48":0.0035529863,"49":0.0032797195,"50":0.0032676233,"51":0.0031672285,"52":0.0032539098,"53":0.003194934,"54":0.0029675788,"55":0.002937902,"56":0.0028567684,"57":0.0029201906,"58":0.0028202187,"59":0.002635363},"sparse_categorical_accuracy":{"0":0.956401825,"1":0.9808667302,"2":0.9816328883,"3":0.9840625525,"4":0.9850640297,"5":0.9868626595,"6":0.9880304337,"7":0.988555789,"8":0.9889010787,"9":0.9893992543,"10":0.9900092483,"11":0.9903128743,"12":0.9910231233,"13":0.9906169176,"14":0.99141258,"15":0.9921648502,"16":0.992634356,"17":0.9932072163,"18":0.993373394,"19":0.9936316013,"20":0.9931887984,"21":0.9933484793,"22":0.993917346,"23":0.9941611886,"24":0.9943576455,"25":0.9937845469,"26":0.9940519929,"27":0.9945155382,"28":0.9945694804,"29":0.9945347905,"30":0.9948583245,"31":0.9949249029,"32":0.9947377443,"33":0.9944942594,"34":0.9949420094,"35":0.9950715899,"36":0.9951579571,"37":0.995262146,"38":0.9954741001,"39":0.9955010414,"40":0.9953830838,"41":0.9951578379,"42":0.9950813651,"43":0.9940441847,"44":0.9939342737,"45":0.9950779676,"46":0.9951740503,"47":0.9956376553,"48":0.995551765,"49":0.9958245754,"50":0.9958755374,"51":0.995939672,"52":0.9958660603,"53":0.9958343506,"54":0.9960465431,"55":0.9961022139,"56":0.9961782098,"57":0.9960250854,"58":0.9961329699,"59":0.9964313507},"val_loss":{"0":0.0236799065,"1":0.0211850964,"2":0.0153903384,"3":0.0136226248,"4":0.0123364097,"5":0.0120954812,"6":0.0100947767,"7":0.0112712523,"8":0.0106895836,"9":0.0091198934,"10":0.0104373749,"11":0.0091861105,"12":0.0097862398,"13":0.0118092978,"14":0.0075654211,"15":0.0083222156,"16":0.008452028,"17":0.0068320157,"18":0.0075232708,"19":0.007515925,"20":0.0072275917,"21":0.0088076014,"22":0.0068473574,"23":0.0065862895,"24":0.0066081192,"25":0.0060635777,"26":0.0070724408,"27":0.0053263581,"28":0.0064733815,"29":0.0071625337,"30":0.0060274033,"31":0.0085974941,"32":0.0056165047,"33":0.0072867568,"34":0.0057261279,"35":0.006609641,"36":0.0057559288,"37":0.0068154973,"38":0.0060753305,"39":0.0053217439,"40":0.0055211945,"41":0.0057185283,"42":0.0089427168,"43":0.0069860485,"44":0.0081721526,"45":0.0056695566,"46":0.0058491095,"47":0.005877513,"48":0.0067705363,"49":0.006867771,"50":0.0062270337,"51":0.007034292,"52":0.0073138112,"53":0.0063744877,"54":0.0069419118,"55":0.0070303618,"56":0.0061437362,"57":0.0088802101,"58":0.0069659688,"59":0.0071631703},"val_sparse_categorical_accuracy":{"0":0.9806388617,"1":0.9806388617,"2":0.9840777516,"3":0.9842153192,"4":0.9861595035,"5":0.9878188968,"6":0.9887378216,"7":0.9892993569,"8":0.9889888167,"9":0.9902896881,"10":0.9900562167,"11":0.9912312627,"12":0.9893711209,"13":0.9895757437,"14":0.9922490716,"15":0.9927517772,"16":0.9926657677,"17":0.9931851029,"18":0.9929814339,"19":0.9924762845,"20":0.9928913116,"21":0.9922833443,"22":0.9936355948,"23":0.9936715364,"24":0.9932122827,"25":0.9935927391,"26":0.9932594895,"27":0.9941445589,"28":0.9932582974,"29":0.9938095808,"30":0.9939614534,"31":0.9929262996,"32":0.9938927889,"33":0.9934034348,"34":0.9940478802,"35":0.9940216541,"36":0.993952632,"37":0.9943689704,"38":0.9941069484,"39":0.9944947958,"40":0.9945706725,"41":0.9941790104,"42":0.9929051399,"43":0.9927428365,"44":0.9933912158,"45":0.9943370223,"46":0.994540453,"47":0.9946445823,"48":0.9941931367,"49":0.9942647219,"50":0.9946055412,"51":0.9944761395,"52":0.9938942194,"53":0.9947572351,"54":0.9942999482,"55":0.9944853783,"56":0.9948687553,"57":0.993919611,"58":0.994633317,"59":0.9946942329}}