{"loss":{"0":0.0470942557,"1":0.0253715813,"2":0.0229464434,"3":0.0211321004,"4":0.0192815643,"5":0.0181002431,"6":0.0181981158,"7":0.0180917084,"8":0.0172774494,"9":0.01695727,"10":0.0170380231,"11":0.0169010628,"12":0.0166100729,"13":0.0166035835,"14":0.0166201629,"15":0.0166160148,"16":0.0168651287,"17":0.0166271385,"18":0.0163918827,"19":0.0162545741,"20":0.0161000527,"21":0.0164325628,"22":0.0158887003,"23":0.0159558207,"24":0.015783092,"25":0.0156470798,"26":0.0161120351,"27":0.0157866254,"28":0.0159598105,"29":0.0157523602,"30":0.0158675276,"31":0.0157561712,"32":0.0154261822,"33":0.0156693328,"34":0.0153684616,"35":0.0155547066,"36":0.0154243726,"37":0.0150613897,"38":0.0155480839,"39":0.0151040014},"sparse_categorical_accuracy":{"0":0.9633580446,"1":0.9809032083,"2":0.9834688306,"3":0.9861438274,"4":0.9863016605,"5":0.987487793,"6":0.9878247976,"7":0.9878261089,"8":0.9878246784,"9":0.9878332615,"10":0.987829864,"11":0.9878383279,"12":0.9878382087,"13":0.987852633,"14":0.9878439307,"15":0.9878624678,"16":0.9878947735,"17":0.9878631234,"18":0.9878989458,"19":0.9878672361,"20":0.9878539443,"21":0.9878573418,"22":0.9878835678,"23":0.9879286289,"24":0.9879716635,"25":0.9878904819,"26":0.987991631,"27":0.9879690409,"28":0.9879285097,"29":0.9880613685,"30":0.9880338311,"31":0.9880489707,"32":0.9881058335,"33":0.9883378148,"34":0.9882599711,"35":0.9882124066,"36":0.9882096648,"37":0.9885112047,"38":0.9882616997,"39":0.9884727597},"val_loss":{"0":0.025578713,"1":0.0232002567,"2":0.0209537577,"3":0.0196102764,"4":0.0195362531,"5":0.0176521,"6":0.0167773273,"7":0.0168559793,"8":0.0164067335,"9":0.0160298944,"10":0.0163074713,"11":0.0158448387,"12":0.0176005922,"13":0.0159346238,"14":0.0155157978,"15":0.0159249585,"16":0.0157946572,"17":0.0155388722,"18":0.0158422999,"19":0.0158218183,"20":0.0161101464,"21":0.0152760055,"22":0.0154719781,"23":0.0153029412,"24":0.0148488171,"25":0.0157878436,"26":0.0154321259,"27":0.0149374576,"28":0.0150529956,"29":0.0148560395,"30":0.0150283463,"31":0.0149258645,"32":0.014882545,"33":0.0156871434,"34":0.0156963672,"35":0.0158859696,"36":0.0147598889,"37":0.0145430947,"38":0.0151147787,"39":0.014733403},"val_sparse_categorical_accuracy":{"0":0.9806388617,"1":0.9808287621,"2":0.9861683846,"3":0.9861747622,"4":0.9861755371,"5":0.9878088832,"6":0.9878085256,"7":0.9878057241,"8":0.9878099561,"9":0.9878225923,"10":0.9878120422,"11":0.9878132939,"12":0.9878316522,"13":0.9878795743,"14":0.9878135324,"15":0.9879239202,"16":0.9878421426,"17":0.9878149033,"18":0.9879007936,"19":0.9878266454,"20":0.9878149629,"21":0.9878172278,"22":0.9878985882,"23":0.9879317284,"24":0.9881543517,"25":0.9880105257,"26":0.9878722429,"27":0.9882691503,"28":0.988077879,"29":0.9883743525,"30":0.988068819,"31":0.9881405234,"32":0.9884446263,"33":0.9881374836,"34":0.9878925681,"35":0.9882850051,"36":0.988322556,"37":0.988689363,"38":0.9880194068,"39":0.9885348082}}