{"loss":{"0":0.1703198254,"1":0.0442379154,"2":0.0196021609,"3":0.0138383117,"4":0.0137060853,"5":0.0122193983,"6":0.0108675854,"7":0.0097141042,"8":0.0087769907,"9":0.0080249505,"10":0.0071598734,"11":0.0064081289,"12":0.0059990189,"13":0.0055533201,"14":0.0052159717,"15":0.0048922752,"16":0.0047438005,"17":0.0047946014,"18":0.0045455075,"19":0.0042841695,"20":0.0041371123,"21":0.0041062334,"22":0.0040766359,"23":0.0039336062,"24":0.0038491397,"25":0.0038009728,"26":0.0036519547,"27":0.0037455359,"28":0.0036888919,"29":0.0035285146,"30":0.0033219261,"31":0.0033236591,"32":0.0033696757,"33":0.0033159142,"34":0.0032012614},"sparse_categorical_accuracy":{"0":0.6367024779,"1":0.9673544765,"2":0.9798318744,"3":0.9811852574,"4":0.9812648892,"5":0.9834720492,"6":0.9837219715,"7":0.9838533401,"8":0.984267056,"9":0.9848614335,"10":0.9856747985,"11":0.9873633385,"12":0.9885804057,"13":0.9892354012,"14":0.9898424149,"15":0.9905091524,"16":0.9907415509,"17":0.990526855,"18":0.9912136793,"19":0.9917810559,"20":0.9920358062,"21":0.992310822,"22":0.9919389486,"23":0.9922885299,"24":0.9926257133,"25":0.9926580191,"26":0.9929453731,"27":0.9928228259,"28":0.9928935766,"29":0.9931188226,"30":0.9934169054,"31":0.9933674335,"32":0.99333179,"33":0.9935404062,"34":0.9936198592},"val_loss":{"0":0.0311182477,"1":0.017850345,"2":0.0146408742,"3":0.0142935934,"4":0.0150551656,"5":0.015250206,"6":0.0183592048,"7":0.0187159982,"8":0.0168570932,"9":0.0167369451,"10":0.0190277845,"11":0.0171305779,"12":0.016144542,"13":0.0134477997,"14":0.012670299,"15":0.0113698747,"16":0.0110987565,"17":0.0100582838,"18":0.0096059432,"19":0.0117933908,"20":0.0099587562,"21":0.006444159,"22":0.0080695376,"23":0.0070792711,"24":0.0071376981,"25":0.0069332719,"26":0.0072057503,"27":0.0050940686,"28":0.0055278586,"29":0.0074793845,"30":0.006534426,"31":0.0061869756,"32":0.0069282064,"33":0.0101710977,"34":0.0057066474},"val_sparse_categorical_accuracy":{"0":0.9805455804,"1":0.9806417823,"2":0.9806388617,"3":0.9806388617,"4":0.9806678891,"5":0.9806420207,"6":0.9806427956,"7":0.9830777645,"8":0.9837786555,"9":0.9841855764,"10":0.9842212796,"11":0.9843866825,"12":0.9877850413,"13":0.987800777,"14":0.9878092408,"15":0.9878116846,"16":0.987811327,"17":0.9878177047,"18":0.9879930615,"19":0.9878205061,"20":0.9879353046,"21":0.9898759127,"22":0.9883109331,"23":0.9897779226,"24":0.989377737,"25":0.9898210764,"26":0.9890007973,"27":0.9902945757,"28":0.9911208153,"29":0.9894481301,"30":0.9909750819,"31":0.9909098744,"32":0.9897984862,"33":0.9886881709,"34":0.9911858439}}