{"loss":{"0":0.0519158132,"1":0.0246034358,"2":0.0204453301,"3":0.0170213189,"4":0.0132575035,"5":0.0118224835,"6":0.0111047598,"7":0.0105531448,"8":0.0105526941,"9":0.0093992082,"10":0.0091988221,"11":0.0087180687,"12":0.0085445791,"13":0.0083641298,"14":0.0084410887,"15":0.0072315135,"16":0.0072994111,"17":0.0071923961,"18":0.006858577,"19":0.0065404847,"20":0.0078345938,"21":0.0071638115,"22":0.0067746984,"23":0.0064103501,"24":0.0060124309,"25":0.0056452099,"26":0.0054424885,"27":0.0052398061,"28":0.0053554135,"29":0.0049354103,"30":0.0052047647,"31":0.0048381356,"32":0.0045782276,"33":0.0047245352,"34":0.0052722408,"35":0.0046266024,"36":0.0042379429,"37":0.004141164,"38":0.0040420336,"39":0.0039859833},"sparse_categorical_accuracy":{"0":0.9654394388,"1":0.981647253,"2":0.9841830134,"3":0.985761106,"4":0.9877268672,"5":0.988045454,"6":0.9883839488,"7":0.9891451597,"8":0.9893843532,"9":0.9902952313,"10":0.9906135798,"11":0.9909308553,"12":0.9915029407,"13":0.9914825559,"14":0.9917579889,"15":0.9927337766,"16":0.9927054048,"17":0.9928594232,"18":0.9932687283,"19":0.9934183955,"20":0.9918948412,"21":0.9927967191,"22":0.9932881594,"23":0.9934466481,"24":0.9936857224,"25":0.9940788746,"26":0.99425143,"27":0.9944127798,"28":0.9943264723,"29":0.9946453571,"30":0.9943404794,"31":0.9946809411,"32":0.9949281812,"33":0.9947956204,"34":0.9942449331,"35":0.9948436022,"36":0.9951398373,"37":0.995223403,"38":0.9953041077,"39":0.9952706099},"val_loss":{"0":0.0273097809,"1":0.017920116,"2":0.0168433171,"3":0.0142624779,"4":0.0120159583,"5":0.0114325667,"6":0.0103924954,"7":0.0104018552,"8":0.0097993677,"9":0.0086214496,"10":0.0093530528,"11":0.0083861761,"12":0.0087681878,"13":0.0102133714,"14":0.0076566129,"15":0.0075626862,"16":0.0088525582,"17":0.0084440466,"18":0.0068485732,"19":0.0072886194,"20":0.0073323864,"21":0.0082740728,"22":0.0074127475,"23":0.0065753246,"24":0.0081206569,"25":0.0063502276,"26":0.0060124737,"27":0.0082523944,"28":0.0063611446,"29":0.0063414183,"30":0.0072719972,"31":0.0063577192,"32":0.0073513449,"33":0.0058077062,"34":0.0063589443,"35":0.0051918156,"36":0.0064418544,"37":0.0060251425,"38":0.005803402,"39":0.0057266066},"val_sparse_categorical_accuracy":{"0":0.9806388617,"1":0.9845087528,"2":0.9845377803,"3":0.9877846241,"4":0.9879601002,"5":0.9881991148,"6":0.9891515374,"7":0.9892905354,"8":0.9900307655,"9":0.9916910529,"10":0.991129458,"11":0.9918486476,"12":0.9918815494,"13":0.9910606742,"14":0.9926882386,"15":0.9926626682,"16":0.9921618104,"17":0.9921709895,"18":0.993363142,"19":0.9932959676,"20":0.9929136634,"21":0.9929035902,"22":0.9931101203,"23":0.9931692481,"24":0.992207706,"25":0.9934775233,"26":0.9937491417,"27":0.9927026033,"28":0.993734479,"29":0.9934128523,"30":0.9931778908,"31":0.9938673973,"32":0.9931823015,"33":0.9938761592,"34":0.9935275316,"35":0.9945542812,"36":0.9934519529,"37":0.9945340753,"38":0.9942982197,"39":0.994557023}}