{"loss":{"0":0.1605844796,"1":0.0581816211,"2":0.0241507851,"3":0.0189070888,"4":0.0143869352,"5":0.0120404186,"6":0.0105853379,"7":0.010031715,"8":0.0091392128,"9":0.0085059796,"10":0.0079279942,"11":0.0074344543,"12":0.0071745068,"13":0.0069024251,"14":0.0064430465,"15":0.0062744003,"16":0.0060439995,"17":0.0057641333,"18":0.0056153913,"19":0.0053635128,"20":0.0050650337,"21":0.0049552154,"22":0.0047733742,"23":0.00461403,"24":0.0044944724,"25":0.0044402331,"26":0.0042881602,"27":0.0042457525,"28":0.0041341987,"29":0.0040288609},"sparse_categorical_accuracy":{"0":0.8340991139,"1":0.9865006804,"2":0.987782836,"3":0.987788558,"4":0.9882722497,"5":0.9896523952,"6":0.9902548194,"7":0.9905270338,"8":0.9911583066,"9":0.9918174744,"10":0.9923065305,"11":0.9926748872,"12":0.9929147363,"13":0.9930967689,"14":0.9935423136,"15":0.9935170412,"16":0.9937500954,"17":0.993755579,"18":0.994002223,"19":0.9942114353,"20":0.9943321347,"21":0.9944059849,"22":0.9945260882,"23":0.9946308732,"24":0.9947059155,"25":0.9948314428,"26":0.9948151708,"27":0.9948621988,"28":0.9949444532,"29":0.995046556},"val_loss":{"0":0.4216147363,"1":0.1059293672,"2":0.0402312651,"3":0.0240546931,"4":0.0238910578,"5":0.0246664863,"6":0.0256251972,"7":0.02737258,"8":0.0241836775,"9":0.0264405236,"10":0.0174171217,"11":0.0243860539,"12":0.0158996657,"13":0.0123675968,"14":0.0082155308,"15":0.008773637,"16":0.0076228455,"17":0.0079797879,"18":0.009170196,"19":0.0070654033,"20":0.0097189322,"21":0.0071268631,"22":0.007416402,"23":0.0091501027,"24":0.0081760716,"25":0.006691061,"26":0.0084222434,"27":0.0069819097,"28":0.0227273609,"29":0.0112806242},"val_sparse_categorical_accuracy":{"0":0.0462487713,"1":0.9822761416,"2":0.9845065475,"3":0.9846639633,"4":0.9845590591,"5":0.9846130013,"6":0.9857199192,"7":0.9861543775,"8":0.9861603379,"9":0.986163795,"10":0.9863423109,"11":0.9861896038,"12":0.9877430201,"13":0.9886097908,"14":0.9925764203,"15":0.9919652939,"16":0.9926247597,"17":0.9917309284,"18":0.9912582636,"19":0.9920236468,"20":0.9912626743,"21":0.9919884205,"22":0.9925771356,"23":0.9901911616,"24":0.9923475385,"25":0.9935770631,"26":0.9924334884,"27":0.9936252832,"28":0.9732556343,"29":0.991487205}}