{"loss":{"0":0.2257495821,"1":0.057655789,"2":0.039150551,"3":0.0262722261,"4":0.0191911254,"5":0.0159998219,"6":0.0146534797,"7":0.0140748639,"8":0.013729996,"9":0.0134392362,"10":0.0132390913,"11":0.0129838437,"12":0.0128690451,"13":0.0126824286,"14":0.0125882383,"15":0.0123848589,"16":0.0122056631,"17":0.0118577592,"18":0.0114970803,"19":0.0113340076,"20":0.0112372814,"21":0.0110530471,"22":0.010998168,"23":0.0106787533,"24":0.0107050389,"25":0.0102653904,"26":0.0098942397,"27":0.0096653542,"28":0.0093562584,"29":0.0091593135,"30":0.0088439602,"31":0.0088362563,"32":0.0085754562,"33":0.0083616581,"34":0.0084482227},"sparse_categorical_accuracy":{"0":0.5075480342,"1":0.9406269193,"2":0.9782854915,"3":0.9823524952,"4":0.9825229645,"5":0.9826228619,"6":0.9826699495,"7":0.9826966524,"8":0.9827094674,"9":0.9827087522,"10":0.9826771617,"11":0.9827157855,"12":0.9827017784,"13":0.9827125072,"14":0.9827275872,"15":0.9827088714,"16":0.9828435779,"17":0.9838166833,"18":0.9840774536,"19":0.9841095209,"20":0.9840992689,"21":0.9841017127,"22":0.9841732383,"23":0.9841964841,"24":0.9843181372,"25":0.9845556617,"26":0.9850236773,"27":0.9852221012,"28":0.9854224324,"29":0.9853096008,"30":0.9855676293,"31":0.9856486917,"32":0.9857230186,"33":0.985748291,"34":0.9857016206},"val_loss":{"0":0.0309102517,"1":0.0480122529,"2":0.0338538699,"3":0.0235050451,"4":0.0180149451,"5":0.015533749,"6":0.0145687116,"7":0.0141167073,"8":0.0139436387,"9":0.0137493843,"10":0.0135671236,"11":0.0130426837,"12":0.0129244663,"13":0.013284673,"14":0.0128290253,"15":0.0144479061,"16":0.0135774612,"17":0.0136889787,"18":0.0160439424,"19":0.0147414161,"20":0.0150810266,"21":0.0218330994,"22":0.0195133649,"23":0.0219933577,"24":0.0177899841,"25":0.013046708,"26":0.016136121,"27":0.014047645,"28":0.0153099354,"29":0.0138251418,"30":0.0112728691,"31":0.0106874593,"32":0.0119870352,"33":0.011857341,"34":0.0132032549},"val_sparse_categorical_accuracy":{"0":0.9803525209,"1":0.9803532362,"2":0.9815902114,"3":0.9823001027,"4":0.9823005199,"5":0.9823012352,"6":0.982301116,"7":0.9823007584,"8":0.982301116,"9":0.9823009968,"10":0.9823012352,"11":0.9823017716,"12":0.9823028445,"13":0.9823030233,"14":0.9823030233,"15":0.9823028445,"16":0.9823020101,"17":0.9823201299,"18":0.9823504686,"19":0.9827125072,"20":0.983302474,"21":0.9835954905,"22":0.9839028716,"23":0.983923912,"24":0.9839324355,"25":0.9839330912,"26":0.9839336872,"27":0.983936727,"28":0.9841297269,"29":0.985029757,"30":0.9850663543,"31":0.9858007431,"32":0.9858803153,"33":0.9858800769,"34":0.9858812094}}