{"loss":{"0":0.0422603264,"1":0.025075281,"2":0.0224806052,"3":0.0199753884,"4":0.018988153,"5":0.0189059619,"6":0.0184203703,"7":0.0179954637,"8":0.0173016526,"9":0.0172497742,"10":0.0171002131,"11":0.0172038488,"12":0.0172214843,"13":0.0169553775,"14":0.0170679912,"15":0.0168052018,"16":0.0166940745,"17":0.016487414,"18":0.0163238626,"19":0.0166960917,"20":0.0164336488,"21":0.0163644496,"22":0.0171460398,"23":0.0162350833,"24":0.0163116474,"25":0.0165415742,"26":0.0163133331,"27":0.0161379594,"28":0.0161657948,"29":0.0159092564,"30":0.0175024476,"31":0.0172946304,"32":0.0167788249,"33":0.0166652072,"34":0.0164808184,"35":0.0164775793,"36":0.016377287,"37":0.0163872968,"38":0.0163886137,"39":0.0160948895,"40":0.0160181746,"41":0.0161154885,"42":0.0163082648,"43":0.0159306284,"44":0.0157561526,"45":0.0159888212,"46":0.0159390774,"47":0.0158977788,"48":0.015936967,"49":0.0156269707,"50":0.0156472232,"51":0.0155770862,"52":0.0154395793,"53":0.0157669336,"54":0.0158237331,"55":0.0159884784,"56":0.0156493168,"57":0.0152999805,"58":0.0154729225,"59":0.0154759595},"sparse_categorical_accuracy":{"0":0.9778323174,"1":0.9809175134,"2":0.9836446643,"3":0.9870030284,"4":0.9878386855,"5":0.9878414273,"6":0.9878324866,"7":0.987844944,"8":0.9878572226,"9":0.9878631234,"10":0.9878644943,"11":0.9878834486,"12":0.9878456593,"13":0.9878900647,"14":0.9878685474,"15":0.9879139662,"16":0.9879814386,"17":0.987919569,"18":0.9878464341,"19":0.987872839,"20":0.9879684448,"21":0.9880048037,"22":0.9878320694,"23":0.9879721999,"24":0.9879922867,"25":0.9879645109,"26":0.9879683852,"27":0.9880616069,"28":0.9881176949,"29":0.9881708622,"30":0.9876815081,"31":0.9878506064,"32":0.9878532887,"33":0.9878543615,"34":0.9878615141,"35":0.987873137,"36":0.9879101515,"37":0.9879457355,"38":0.9879558682,"39":0.9880707264,"40":0.9881128073,"41":0.9881603122,"42":0.988070488,"43":0.9881601334,"44":0.9882830977,"45":0.9881187081,"46":0.9882180095,"47":0.9883334041,"48":0.9881042242,"49":0.9882647991,"50":0.9883927107,"51":0.9883152843,"52":0.9884374142,"53":0.9882052541,"54":0.9883205891,"55":0.9882808328,"56":0.9882355332,"57":0.9884505868,"58":0.9883907437,"59":0.98842448},"val_loss":{"0":0.0274545047,"1":0.0220318809,"2":0.0204705074,"3":0.0184515379,"4":0.0178514495,"5":0.0181080643,"6":0.0174095668,"7":0.0175285786,"8":0.0167561267,"9":0.0162245575,"10":0.0167134497,"11":0.0165091567,"12":0.0177590419,"13":0.0161078162,"14":0.0166204758,"15":0.0164505206,"16":0.0160952993,"17":0.0158264395,"18":0.0153678022,"19":0.0158911478,"20":0.0160634667,"21":0.0173882637,"22":0.0161142536,"23":0.0159378704,"24":0.0161312949,"25":0.0162149426,"26":0.0155184455,"27":0.0153431371,"28":0.0154438,"29":0.015087666,"30":0.0170427356,"31":0.0165661797,"32":0.0162878241,"33":0.016216578,"34":0.0158331953,"35":0.0160198063,"36":0.0163227767,"37":0.0155815883,"38":0.0154722268,"39":0.0156603158,"40":0.0156361125,"41":0.0152255921,"42":0.0155998981,"43":0.014942538,"44":0.0155769633,"45":0.0150898695,"46":0.0149031067,"47":0.0151488632,"48":0.0150865056,"49":0.0149591798,"50":0.0147831645,"51":0.0148217129,"52":0.0146537153,"53":0.0149530079,"54":0.0157414488,"55":0.015241324,"56":0.0149184614,"57":0.0148484958,"58":0.0153097855,"59":0.0147038195},"val_sparse_categorical_accuracy":{"0":0.9806388617,"1":0.980971694,"2":0.9852261543,"3":0.9878143668,"4":0.9878181815,"5":0.9878158569,"6":0.987816453,"7":0.9878140688,"8":0.9878464341,"9":0.9878310561,"10":0.9878367782,"11":0.9878464341,"12":0.987813592,"13":0.9879590273,"14":0.9878149629,"15":0.9879419208,"16":0.9878667593,"17":0.9879521132,"18":0.9882131815,"19":0.9878277183,"20":0.9878308773,"21":0.987830162,"22":0.987821579,"23":0.9878181219,"24":0.9881248474,"25":0.9878272414,"26":0.9881547093,"27":0.9881105423,"28":0.9883092046,"29":0.9884395003,"30":0.9878171086,"31":0.9878127575,"32":0.9878184199,"33":0.9878209829,"34":0.9878259897,"35":0.9878249168,"36":0.9879354239,"37":0.9881897569,"38":0.9881511927,"39":0.9882214069,"40":0.9881157875,"41":0.9881907701,"42":0.9880402684,"43":0.988470912,"44":0.988396883,"45":0.9884101152,"46":0.9883241057,"47":0.9885108471,"48":0.9883757234,"49":0.9885487556,"50":0.9886421561,"51":0.9885725379,"52":0.9886932969,"53":0.9882947206,"54":0.9886289239,"55":0.9883863926,"56":0.988650322,"57":0.988810122,"58":0.9882416129,"59":0.9886445403}}