{"loss":{"0":0.0498534292,"1":0.0215340126,"2":0.0157644898,"3":0.0128659196,"4":0.0110438494,"5":0.0110230613,"6":0.0100461673,"7":0.0090666013,"8":0.0089989668,"9":0.0085705612,"10":0.0078948624,"11":0.007857535,"12":0.0075420137,"13":0.0072188005,"14":0.006766622,"15":0.0078274813,"16":0.0068668947,"17":0.0063711628,"18":0.0060425261,"19":0.00669125,"20":0.0060906727,"21":0.0056874435,"22":0.0054943874,"23":0.0051113651,"24":0.0048621893,"25":0.0050871386,"26":0.004769356,"27":0.0046416172,"28":0.004402848,"29":0.004467506,"30":0.0045047975,"31":0.0041728052,"32":0.0048414082,"33":0.0044895401,"34":0.0042920602,"35":0.0042386744,"36":0.0038079182,"37":0.0035734985,"38":0.003882326,"39":0.0036009504,"40":0.0036024838,"41":0.0034430581,"42":0.0031144202,"43":0.0030799147,"44":0.0029501067,"45":0.0030015786,"46":0.0029165132,"47":0.0028123511,"48":0.0029633779,"49":0.0028989648,"50":0.0028011666,"51":0.0027053661,"52":0.0024706936,"53":0.0023848894,"54":0.002752136,"55":0.0027343449,"56":0.0025018593,"57":0.0024634576,"58":0.0026123903,"59":0.002897484},"sparse_categorical_accuracy":{"0":0.9620923996,"1":0.9830446839,"2":0.9874446988,"3":0.9877994657,"4":0.9884808064,"5":0.9887133241,"6":0.9894387126,"7":0.9909071326,"8":0.9912569523,"9":0.9914962649,"10":0.9919974804,"11":0.9922674298,"12":0.9926419258,"13":0.993088305,"14":0.9934189916,"15":0.9921684861,"16":0.9931756854,"17":0.9935880899,"18":0.9939227104,"19":0.9933142066,"20":0.9939285517,"21":0.9940908551,"22":0.9943341613,"23":0.9946452975,"24":0.9947004914,"25":0.9945473075,"26":0.9948575497,"27":0.9949012995,"28":0.9951789975,"29":0.994995594,"30":0.9949082136,"31":0.9952428341,"32":0.9947561026,"33":0.9949823022,"34":0.9950736761,"35":0.995229125,"36":0.9955341816,"37":0.9956811666,"38":0.9953039885,"39":0.9956650138,"40":0.9956720471,"41":0.9957823157,"42":0.9960345626,"43":0.9960622191,"44":0.9961366057,"45":0.9961082339,"46":0.9962037802,"47":0.9962127805,"48":0.9961345792,"49":0.9961770773,"50":0.9962772727,"51":0.9963341355,"52":0.9965731502,"53":0.9966535568,"54":0.9962967038,"55":0.9963291287,"56":0.9965456724,"57":0.9965488911,"58":0.996509552,"59":0.9962859154},"val_loss":{"0":0.0232006684,"1":0.0168497097,"2":0.0129402876,"3":0.0149479862,"4":0.0095274299,"5":0.0099967634,"6":0.0088336719,"7":0.0090053044,"8":0.0087137735,"9":0.007775323,"10":0.0081715966,"11":0.0083413534,"12":0.008440014,"13":0.0081905667,"14":0.0089338198,"15":0.0086127399,"16":0.0069652423,"17":0.0070460318,"18":0.0064366232,"19":0.008892972,"20":0.0064135506,"21":0.0066571855,"22":0.0066089896,"23":0.0061029918,"24":0.0073139165,"25":0.0065396237,"26":0.0056012096,"27":0.0059350282,"28":0.0061879368,"29":0.0066870316,"30":0.0055998815,"31":0.0057148444,"32":0.006263888,"33":0.0055770595,"34":0.0071121329,"35":0.0055288682,"36":0.0050818063,"37":0.0059713945,"38":0.005046695,"39":0.0069251014,"40":0.0057522734,"41":0.0059518064,"42":0.0052393451,"43":0.0056732171,"44":0.0057456139,"45":0.0050190049,"46":0.0053550322,"47":0.0059371982,"48":0.0068598296,"49":0.0069865794,"50":0.005297008,"51":0.005771108,"52":0.0065657524,"53":0.0056992378,"54":0.0061869156,"55":0.0053879688,"56":0.0054691788,"57":0.0061279619,"58":0.0060246014,"59":0.0063150395},"val_sparse_categorical_accuracy":{"0":0.9806388617,"1":0.9871484041,"2":0.9878060818,"3":0.9880412817,"4":0.9894997478,"5":0.9893904328,"6":0.991469264,"7":0.9918510914,"8":0.9918590188,"9":0.9923568964,"10":0.9923927188,"11":0.9921514988,"12":0.992510438,"13":0.9926646352,"14":0.9916101098,"15":0.9926486015,"16":0.9932911992,"17":0.9929786921,"18":0.9939540625,"19":0.9915745258,"20":0.9938949943,"21":0.9929687381,"22":0.9938517213,"23":0.9940719604,"24":0.9936546087,"25":0.9936371446,"26":0.99440521,"27":0.9943343401,"28":0.9942830801,"29":0.9938978553,"30":0.9944986701,"31":0.9946505427,"32":0.9933656454,"33":0.99440974,"34":0.9942693114,"35":0.9944300652,"36":0.9948849082,"37":0.9946967959,"38":0.9944799542,"39":0.9941490293,"40":0.9944933653,"41":0.994808495,"42":0.9950174689,"43":0.9944897294,"44":0.9946261048,"45":0.9951405525,"46":0.9950549006,"47":0.9949629903,"48":0.9945729971,"49":0.9938154817,"50":0.9949675798,"51":0.9947078228,"52":0.9950801134,"53":0.9951504469,"54":0.9946636558,"55":0.9950137734,"56":0.9950032234,"57":0.994826436,"58":0.9946210384,"59":0.9948574305}}