{"loss":{"0":0.6018329917,"1":0.2807551835,"2":0.1094131989,"3":0.0760236119,"4":0.0687811354,"5":0.0654588258,"6":0.0635641883,"7":0.0611738234,"8":0.0591007899,"9":0.0577595143,"10":0.0586297537,"11":0.057023888,"12":0.0558235097,"13":0.0559626072,"14":0.0549154767,"15":0.0546118587,"16":0.0548232469,"17":0.0545764025,"18":0.0528244154,"19":0.0523513175,"20":0.05391925,"21":0.0524845119,"22":0.0510400261,"23":0.052673925,"24":0.0499825332,"25":0.0500807415,"26":0.0494866213,"27":0.0490306766,"28":0.0491608861,"29":0.0487030091,"30":0.0485368845,"31":0.0476848176,"32":0.0472403873,"33":0.0471156357,"34":0.0472548714,"35":0.0468445303,"36":0.0461203591,"37":0.046231763,"38":0.0462013662,"39":0.0460118611,"40":0.0460925857,"41":0.0464122854,"42":0.0479197876,"43":0.0463995878,"44":0.0458585955,"45":0.0453847314,"46":0.0455283575,"47":0.0462061169,"48":0.0450801767,"49":0.0443401647},"sparse_categorical_accuracy":{"0":0.8674552441,"1":0.9860004187,"2":0.987824142,"3":0.9878496528,"4":0.9878517389,"5":0.9878506064,"6":0.987824142,"7":0.987788558,"8":0.9879891276,"9":0.9879617691,"10":0.9878172278,"11":0.9881268144,"12":0.9881794453,"13":0.9882125258,"14":0.9884220362,"15":0.9884889126,"16":0.9884104133,"17":0.9883653522,"18":0.9888199568,"19":0.9889037609,"20":0.9884138107,"21":0.9887614846,"22":0.9892399311,"23":0.9887444973,"24":0.989456594,"25":0.9892261028,"26":0.9892941713,"27":0.98948282,"28":0.9894319773,"29":0.9895523787,"30":0.9895727634,"31":0.9896470308,"32":0.9897415042,"33":0.9897636771,"34":0.9897381663,"35":0.9897767305,"36":0.9898936152,"37":0.9898193479,"38":0.9898572564,"39":0.9899151325,"40":0.9898280501,"41":0.9897519946,"42":0.9890581369,"43":0.9897217155,"44":0.989812851,"45":0.9897729754,"46":0.9898847938,"47":0.9895469546,"48":0.9899299145,"49":0.9900760055},"val_loss":{"0":0.7017275929,"1":0.1741168335,"2":0.1048163764,"3":0.0788111441,"4":0.0738581378,"5":0.067040576,"6":0.0606395137,"7":0.0640547786,"8":0.0652695946,"9":0.0627253175,"10":0.0716085237,"11":0.0709745966,"12":0.0643353909,"13":0.079050158,"14":0.1113029093,"15":0.063145332,"16":0.1039905861,"17":0.0868565224,"18":0.0607782789,"19":0.0571223948,"20":0.0661653489,"21":0.0608983483,"22":0.0703163765,"23":0.0567759141,"24":0.0544603147,"25":0.0528855059,"26":0.0573733166,"27":0.0616589993,"28":0.0617585912,"29":0.0567302767,"30":0.0529031277,"31":0.0529370014,"32":0.0540688854,"33":0.0577661514,"34":0.0584455997,"35":0.0526827842,"36":0.0521826647,"37":0.06658151,"38":0.0575122543,"39":0.0528107867,"40":0.0508565798,"41":0.0559720192,"42":0.0541821703,"43":0.0552223604,"44":0.0522228166,"45":0.0519525301,"46":0.0547435954,"47":0.0587758124,"48":0.0572792314,"49":0.0507273458},"val_sparse_categorical_accuracy":{"0":0.5049770474,"1":0.9766922593,"2":0.9779568315,"3":0.9842397571,"4":0.9844103456,"5":0.9860404134,"6":0.9878067374,"7":0.9877865911,"8":0.9858799577,"9":0.9878103137,"10":0.9878160357,"11":0.9878187776,"12":0.9878216386,"13":0.9878211617,"14":0.9878210425,"15":0.9878186584,"16":0.9878200293,"17":0.9878205061,"18":0.9862593412,"19":0.9878219962,"20":0.9878214598,"21":0.9878766537,"22":0.9876741171,"23":0.98776263,"24":0.9878219962,"25":0.9880576134,"26":0.987821579,"27":0.9878158569,"28":0.9878205061,"29":0.9878177047,"30":0.9877789617,"31":0.9878214002,"32":0.9878361821,"33":0.9878209829,"34":0.987821877,"35":0.9878305197,"36":0.9878240228,"37":0.987821579,"38":0.9878235459,"39":0.987825036,"40":0.9878273606,"41":0.9878243208,"42":0.988255322,"43":0.9878174663,"44":0.9879159927,"45":0.9877935052,"46":0.98792243,"47":0.9878202081,"48":0.9878361225,"49":0.9881498218}}