{"loss":{"0":0.5525456315,"1":0.2379160852,"2":0.1062551703,"3":0.0776467405,"4":0.0680411145,"5":0.0613686663,"6":0.0593880756,"7":0.0554282725,"8":0.0520078335,"9":0.0506381494,"10":0.0469987927,"11":0.0460177712,"12":0.0518707755,"13":0.0463769035,"14":0.0456293711,"15":0.0422530796,"16":0.0411408075,"17":0.0387838959,"18":0.040108916,"19":0.0374941405,"20":0.0364443031,"21":0.0367358153,"22":0.03665454,"23":0.03635279,"24":0.0343243517,"25":0.033302908,"26":0.0338449711,"27":0.0336291211,"28":0.0333457741,"29":0.0320535703,"30":0.0311907691,"31":0.0313394245,"32":0.0318079941,"33":0.0308045372,"34":0.0301231787,"35":0.0290963799,"36":0.0284683828,"37":0.028618534,"38":0.0288747057,"39":0.0285945346,"40":0.0287945861,"41":0.027980466,"42":0.0267214276,"43":0.026260809,"44":0.0261129527,"45":0.0268072894,"46":0.0259637202,"47":0.0263308396,"48":0.0248329289,"49":0.0244711961},"sparse_categorical_accuracy":{"0":0.880176127,"1":0.9855232239,"2":0.9862379432,"3":0.9862607121,"4":0.9876842499,"5":0.9878186584,"6":0.9877903461,"7":0.9878333807,"8":0.9879319072,"9":0.9880230427,"10":0.988687396,"11":0.9887997508,"12":0.9876889586,"13":0.9884340167,"14":0.9884182215,"15":0.989040792,"16":0.9893131852,"17":0.9897971749,"18":0.9894996285,"19":0.9899748564,"20":0.9901103973,"21":0.9900126457,"22":0.9901768565,"23":0.9903143048,"24":0.9904704094,"25":0.9910461903,"26":0.9908174276,"27":0.9907582402,"28":0.9909181595,"29":0.991429925,"30":0.991509974,"31":0.9912452102,"32":0.9912079573,"33":0.991494298,"34":0.9915851951,"35":0.9918730855,"36":0.9921472073,"37":0.9919519424,"38":0.9919506907,"39":0.9917963147,"40":0.9920049906,"41":0.9918955564,"42":0.992384553,"43":0.9925633073,"44":0.9926664233,"45":0.992305696,"46":0.9924014211,"47":0.9923955202,"48":0.9927204847,"49":0.9928702712},"val_loss":{"0":0.7538048029,"1":0.368897447,"2":0.0999118261,"3":0.0753310259,"4":0.0770673748,"5":0.0861044325,"6":0.0767206796,"7":0.0773247439,"8":0.0832881738,"9":0.0734035581,"10":0.0624305692,"11":0.0601567626,"12":0.1134740882,"13":0.1007344134,"14":0.0738487922,"15":0.0491831895,"16":0.0531304151,"17":0.0402354725,"18":0.0606942557,"19":0.0388261601,"20":0.0377925692,"21":0.0420853931,"22":0.0626366373,"23":0.0381134951,"24":0.049019121,"25":0.0439292839,"26":0.0397763178,"27":0.0448268946,"28":0.0379457107,"29":0.0400518997,"30":0.0358651992,"31":0.0544436406,"32":0.0546016175,"33":0.0413977586,"34":0.0400814164,"35":0.0341495095,"36":0.036776665,"37":0.0415886996,"38":0.0353564352,"39":0.0430368379,"40":0.0487791132,"41":0.0416380277,"42":0.0348355429,"43":0.0390602771,"44":0.0317523664,"45":0.0401497481,"46":0.0413141916,"47":0.0380882517,"48":0.0352874221,"49":0.0320797237},"val_sparse_categorical_accuracy":{"0":0.199046284,"1":0.9822294712,"2":0.9861414433,"3":0.9861559272,"4":0.986156404,"5":0.9874859452,"6":0.9875360727,"7":0.9876999855,"8":0.9870336056,"9":0.9875609279,"10":0.9878212214,"11":0.9878599644,"12":0.9843686819,"13":0.9878214598,"14":0.9878441095,"15":0.9880917072,"16":0.9881653786,"17":0.9896816015,"18":0.9801626205,"19":0.9899606109,"20":0.9896506667,"21":0.9895666838,"22":0.9880822897,"23":0.9901833534,"24":0.9892199039,"25":0.9889498353,"26":0.990108788,"27":0.989707768,"28":0.9897490144,"29":0.9902856946,"30":0.9901551008,"31":0.988930285,"32":0.9891320467,"33":0.9878227115,"34":0.989865303,"35":0.9909463525,"36":0.9904917479,"37":0.9898152947,"38":0.990591228,"39":0.9902053475,"40":0.9858006239,"41":0.9898080826,"42":0.9908962846,"43":0.990478158,"44":0.9912169576,"45":0.9907644987,"46":0.9904375076,"47":0.9907208085,"48":0.9909152985,"49":0.9899010062}}