{"loss":{"0":0.0313013531,"1":0.0240472443,"2":0.0225015804,"3":0.0221183468,"4":0.021001203,"5":0.0211596396,"6":0.0205358621,"7":0.0205233507,"8":0.0201139804,"9":0.0197825618,"10":0.0193911828,"11":0.0194009636,"12":0.0182911698,"13":0.0178741924,"14":0.0177704263,"15":0.0172206964,"16":0.0170918722,"17":0.0168496985,"18":0.0171468593,"19":0.0166102741,"20":0.0166728441,"21":0.0168450121,"22":0.0169679411,"23":0.0167856067,"24":0.0165381059,"25":0.0161483455,"26":0.0162261222,"27":0.0162537005,"28":0.0162176546,"29":0.0160184372,"30":0.0160121564,"31":0.0162446909,"32":0.0157087073,"33":0.0158338957,"34":0.0160883535,"35":0.0159485377,"36":0.0161733255,"37":0.016884964,"38":0.0162240062,"39":0.0157600064,"40":0.0157071315,"41":0.0155183291,"42":0.0153920259,"43":0.0159417707,"44":0.0154054454,"45":0.0153999068,"46":0.0155486334,"47":0.0153722893,"48":0.0153513504,"49":0.0151923848,"50":0.0156376678,"51":0.0156306494,"52":0.0152615346,"53":0.0152837159,"54":0.0151486965,"55":0.0151474215,"56":0.0153914867,"57":0.0152966976,"58":0.0164097138,"59":0.0156222889},"sparse_categorical_accuracy":{"0":0.9783481359,"1":0.9814864993,"2":0.9844962358,"3":0.987616837,"4":0.9878373146,"5":0.9878414869,"6":0.9878461361,"7":0.9878467917,"8":0.9878382087,"9":0.9878499508,"10":0.9878441691,"11":0.9878169298,"12":0.987852633,"13":0.9878586531,"14":0.9878611565,"15":0.9878720641,"16":0.9878810644,"17":0.9878869653,"18":0.9878374338,"19":0.9879360795,"20":0.9878811836,"21":0.9879052043,"22":0.9879558682,"23":0.9879361987,"24":0.9879778028,"25":0.9880046248,"26":0.9880668521,"27":0.9879748225,"28":0.9880801439,"29":0.9881022573,"30":0.9879679084,"31":0.9879508018,"32":0.9881994128,"33":0.988162756,"34":0.9881957769,"35":0.9881103635,"36":0.9880767465,"37":0.9877898097,"38":0.9878624678,"39":0.9880239367,"40":0.9881744981,"41":0.9882839918,"42":0.988378346,"43":0.988190949,"44":0.9883801937,"45":0.9884352088,"46":0.9882929921,"47":0.9883332849,"48":0.9884432554,"49":0.9886330366,"50":0.9881330132,"51":0.9883314371,"52":0.9884631038,"53":0.9884831905,"54":0.9886714816,"55":0.9886556268,"56":0.9883978963,"57":0.9885380268,"58":0.9875045419,"59":0.9879925251},"val_loss":{"0":0.024229927,"1":0.0220261905,"2":0.0205962639,"3":0.020012375,"4":0.0197472256,"5":0.0205617808,"6":0.0198636986,"7":0.0191744994,"8":0.0191077553,"9":0.0186635088,"10":0.0190183334,"11":0.0186986383,"12":0.0174745917,"13":0.0164745264,"14":0.0170334931,"15":0.0164424106,"16":0.0162513442,"17":0.0167325176,"18":0.016431883,"19":0.0162396859,"20":0.0169815719,"21":0.0156869441,"22":0.0155968284,"23":0.0157455392,"24":0.0156144593,"25":0.015119059,"26":0.0152895674,"27":0.0157207977,"28":0.0153399408,"29":0.0152499564,"30":0.0164708812,"31":0.0150568504,"32":0.0149822719,"33":0.0154478615,"34":0.0151760699,"35":0.0154067418,"36":0.0153294886,"37":0.0154787088,"38":0.0148606505,"39":0.0147520918,"40":0.0149819711,"41":0.0145765636,"42":0.0149329454,"43":0.0149217779,"44":0.0145931253,"45":0.0149157317,"46":0.0145291332,"47":0.0143122356,"48":0.0144967875,"49":0.0143576497,"50":0.0149787096,"51":0.0150749413,"52":0.0144563466,"53":0.0141962245,"54":0.014114501,"55":0.0151830707,"56":0.0144950068,"57":0.016469745,"58":0.0147028919,"59":0.0143285329},"val_sparse_categorical_accuracy":{"0":0.9806388617,"1":0.9841220379,"2":0.9862114787,"3":0.9878135324,"4":0.9878139496,"5":0.9878156185,"6":0.9878183603,"7":0.9878202677,"8":0.9878166318,"9":0.9878216982,"10":0.9878229499,"11":0.9878230095,"12":0.9878252745,"13":0.9878354073,"14":0.9878258705,"15":0.9878675938,"16":0.9878395796,"17":0.9878811836,"18":0.9879017472,"19":0.9879963398,"20":0.9878262877,"21":0.9880409837,"22":0.9880882502,"23":0.9880050421,"24":0.9879280925,"25":0.9882156849,"26":0.9882382751,"27":0.9881145954,"28":0.9882688522,"29":0.9880869389,"30":0.9877263308,"31":0.9882674217,"32":0.9883869886,"33":0.9883214831,"34":0.9883230925,"35":0.9882525206,"36":0.9882764816,"37":0.9878243208,"38":0.9878402352,"39":0.9882982969,"40":0.9883366823,"41":0.9884558916,"42":0.9883402586,"43":0.9885469079,"44":0.988505125,"45":0.9887575507,"46":0.9882332683,"47":0.9888276458,"48":0.9888253212,"49":0.9887527823,"50":0.9884955287,"51":0.9887372851,"52":0.9888044,"53":0.9888781905,"54":0.9891393781,"55":0.9890834689,"56":0.9885423183,"57":0.9846438766,"58":0.9878214598,"59":0.9887996912}}