{"loss":{"0":0.0330100618,"1":0.0179068465,"2":0.0131558953,"3":0.0112078274,"4":0.0110433549,"5":0.0101237753,"6":0.0091461483,"7":0.0085111381,"8":0.0089617968,"9":0.0087161828,"10":0.0080107655,"11":0.00724464,"12":0.0069838003,"13":0.0065130545,"14":0.0065502487,"15":0.0063677062,"16":0.0063986713,"17":0.0063732709,"18":0.0059588384,"19":0.0061417604,"20":0.005686651,"21":0.0055610086,"22":0.0050687613,"23":0.0050838352,"24":0.0050005335,"25":0.0051930146,"26":0.0051339986,"27":0.0054578879,"28":0.0050283866,"29":0.0044927606,"30":0.0045519359,"31":0.0044477154,"32":0.0041786875,"33":0.0041910089,"34":0.0042939885,"35":0.0043561156,"36":0.0042450768,"37":0.0038855204,"38":0.0038720891,"39":0.003806212,"40":0.0038353014,"41":0.0036137516,"42":0.0035412621,"43":0.0033282768,"44":0.0036549743,"45":0.003316697,"46":0.0030241357,"47":0.003120376,"48":0.0034050324,"49":0.0031929344,"50":0.0031462042,"51":0.0032708482,"52":0.0032827158,"53":0.003098387,"54":0.0029694526,"55":0.0029438338,"56":0.0028092656,"57":0.0027698909,"58":0.0026878607,"59":0.0026281727,"60":0.0026283655,"61":0.0027118246,"62":0.0027597183,"63":0.0029672727,"64":0.0027409883,"65":0.0027658804,"66":0.0025045252,"67":0.0024778973,"68":0.0023453301,"69":0.0023254838},"sparse_categorical_accuracy":{"0":0.9761545062,"1":0.9841212034,"2":0.9880634546,"3":0.9890893698,"4":0.9892785549,"5":0.9898458123,"6":0.9906201959,"7":0.9915012121,"8":0.9912841916,"9":0.9913055897,"10":0.9920163751,"11":0.9925419092,"12":0.9929838181,"13":0.9932757616,"14":0.9932696223,"15":0.9935321808,"16":0.9935493469,"17":0.9933207631,"18":0.9939470887,"19":0.9938194752,"20":0.99396348,"21":0.994073391,"22":0.9944466949,"23":0.9945536852,"24":0.9945939779,"25":0.9943356514,"26":0.9942403436,"27":0.994042635,"28":0.9944909811,"29":0.9949429035,"30":0.9948700666,"31":0.9949038029,"32":0.9950953126,"33":0.9951555133,"34":0.9949881434,"35":0.9949102998,"36":0.9951454401,"37":0.9953643084,"38":0.9953846335,"39":0.9953737259,"40":0.9954298735,"41":0.9954659939,"42":0.9956385493,"43":0.995752275,"44":0.9955280423,"45":0.9957650304,"46":0.9960354567,"47":0.995890379,"48":0.9956974983,"49":0.9958841801,"50":0.9958754182,"51":0.9958248138,"52":0.9957928061,"53":0.9959127307,"54":0.9960361123,"55":0.9960795641,"56":0.9961622953,"57":0.9961870909,"58":0.9962754846,"59":0.9962773919,"60":0.9963722825,"61":0.9962132573,"62":0.9962356687,"63":0.9960640073,"64":0.9961653352,"65":0.99621135,"66":0.9965118766,"67":0.9964954853,"68":0.9966228008,"69":0.9966623187},"val_loss":{"0":0.054515589,"1":0.0187902525,"2":0.0119952131,"3":0.0141050927,"4":0.0127079692,"5":0.0129173752,"6":0.0116973398,"7":0.0131736938,"8":0.0158652458,"9":0.0158889797,"10":0.0094849505,"11":0.0130411237,"12":0.0108549753,"13":0.018719811,"14":0.0111609008,"15":0.0109038549,"16":0.012995122,"17":0.0111802183,"18":0.0071829902,"19":0.0077950079,"20":0.0081570596,"21":0.0105662402,"22":0.0086677074,"23":0.0104360124,"24":0.0068313549,"25":0.0099969888,"26":0.0079501178,"27":0.0069202785,"28":0.0064668041,"29":0.0080841715,"30":0.0076659354,"31":0.0064727757,"32":0.0092464359,"33":0.0116575351,"34":0.0062800809,"35":0.0082413731,"36":0.0074565136,"37":0.0066740741,"38":0.0104176085,"39":0.006540996,"40":0.0088705691,"41":0.0084747039,"42":0.006344147,"43":0.0089098644,"44":0.0072631161,"45":0.0067591565,"46":0.00647941,"47":0.0095396871,"48":0.0073481412,"49":0.0089621833,"50":0.0072038174,"51":0.0061199795,"52":0.0083598606,"53":0.0063683554,"54":0.0069066053,"55":0.0077404929,"56":0.0093078893,"57":0.0065519158,"58":0.0075706486,"59":0.0085567348,"60":0.0060765143,"61":0.0075725103,"62":0.0070318598,"63":0.0057795639,"64":0.0072582536,"65":0.0085371928,"66":0.0106542269,"67":0.0060246843,"68":0.0089649577,"69":0.0073535545},"val_sparse_categorical_accuracy":{"0":0.9806409478,"1":0.9869834781,"2":0.9883667827,"3":0.9880491495,"4":0.9892997742,"5":0.9904899001,"6":0.99090451,"7":0.9891955256,"8":0.9902315736,"9":0.9903359413,"10":0.9915294647,"11":0.9904451966,"12":0.9910657406,"13":0.9897940755,"14":0.9907776117,"15":0.9906203747,"16":0.9913220406,"17":0.9911934733,"18":0.9926097393,"19":0.993283391,"20":0.9923286438,"21":0.9924198389,"22":0.9933246374,"23":0.9919833541,"24":0.9935856462,"25":0.9930546284,"26":0.9921166301,"27":0.9925942421,"28":0.9936582446,"29":0.9927930236,"30":0.9932283759,"31":0.9940910339,"32":0.9931874275,"33":0.9921514988,"34":0.9939185977,"35":0.9932492971,"36":0.9933404922,"37":0.9935404658,"38":0.9931474924,"39":0.9943777919,"40":0.992431879,"41":0.9932715297,"42":0.9941363335,"43":0.9935975671,"44":0.9938792586,"45":0.9943845272,"46":0.9947082996,"47":0.9925851822,"48":0.9940869212,"49":0.9935997725,"50":0.9937379956,"51":0.994227767,"52":0.9940812588,"53":0.9946716428,"54":0.994328618,"55":0.9934504032,"56":0.9939447045,"57":0.9944167137,"58":0.9942201972,"59":0.9946850538,"60":0.994338274,"61":0.994387567,"62":0.9946587086,"63":0.9941367507,"64":0.994692862,"65":0.9942487478,"66":0.9940994978,"67":0.9950799942,"68":0.994030416,"69":0.9946058989}}