{"loss":{"0":0.031497471,"1":0.0182347726,"2":0.0132452557,"3":0.0117432736,"4":0.0106303794,"5":0.0104746027,"6":0.0098652495,"7":0.0091528771,"8":0.0087000588,"9":0.008138339,"10":0.0076041506,"11":0.0076942886,"12":0.0071976124,"13":0.0070734676,"14":0.0073935855,"15":0.0068004993,"16":0.0065649836,"17":0.006423472,"18":0.006096099,"19":0.0058305981,"20":0.0057704672,"21":0.0056866119,"22":0.0055631688,"23":0.0053856308,"24":0.0051939469,"25":0.00543046,"26":0.0053973868,"27":0.00486852,"28":0.0048350343,"29":0.0047631203,"30":0.0046899626,"31":0.0043377425,"32":0.0043489034,"33":0.0042508501,"34":0.0042745611,"35":0.0041506286,"36":0.0042539034,"37":0.0040757176,"38":0.0040530595,"39":0.0039627678,"40":0.0038719971,"41":0.0038158679,"42":0.00400201,"43":0.0046954765,"44":0.0039745145,"45":0.0039477423,"46":0.0037015693,"47":0.0036378431,"48":0.0035179267,"49":0.0034618773,"50":0.0032731763,"51":0.0032603454,"52":0.0033036468,"53":0.0032665457,"54":0.0030034664,"55":0.0032175365,"56":0.0029880658,"57":0.0030810263,"58":0.0031993219,"59":0.0031572776,"60":0.0030455047,"61":0.0038331202,"62":0.0033300603,"63":0.002903905,"64":0.0027112046,"65":0.002691878,"66":0.0025986247,"67":0.0027384639,"68":0.0026278053,"69":0.0026107687},"sparse_categorical_accuracy":{"0":0.9627286196,"1":0.9824463725,"2":0.987383008,"3":0.988067627,"4":0.9889470935,"5":0.988910079,"6":0.9895126224,"7":0.9903945923,"8":0.9911391139,"9":0.9916552901,"10":0.992289722,"11":0.9922853708,"12":0.9926258922,"13":0.9926961064,"14":0.9925426841,"15":0.9930226207,"16":0.9933072925,"17":0.993201375,"18":0.9936080575,"19":0.9938114882,"20":0.9938185215,"21":0.9938858151,"22":0.9940130115,"23":0.9941033721,"24":0.9943648577,"25":0.9940155149,"26":0.994099319,"27":0.9945973754,"28":0.9946252704,"29":0.994621098,"30":0.9946973324,"31":0.9950011969,"32":0.9950080514,"33":0.9950349331,"34":0.9951519966,"35":0.9951393604,"36":0.995146513,"37":0.9951342344,"38":0.9952238202,"39":0.9952514172,"40":0.9953039885,"41":0.9953886867,"42":0.9952030778,"43":0.9945748448,"44":0.9953253865,"45":0.9952676296,"46":0.9954765439,"47":0.9955732822,"48":0.9956886172,"49":0.9956656694,"50":0.9957948327,"51":0.9959076047,"52":0.9957002401,"53":0.995851934,"54":0.9960263371,"55":0.9958391786,"56":0.9960701466,"57":0.9959713817,"58":0.9958535433,"59":0.9958759546,"60":0.9959623814,"61":0.9952974916,"62":0.9957424402,"63":0.996113658,"64":0.9963489771,"65":0.996309638,"66":0.9964053035,"67":0.9961877465,"68":0.9963548183,"69":0.9963672161},"val_loss":{"0":0.0679624528,"1":0.0203159247,"2":0.0374387018,"3":0.0113432305,"4":0.0229757261,"5":0.0140583729,"6":0.0101222796,"7":0.0091623934,"8":0.0102587976,"9":0.011061932,"10":0.014749337,"11":0.0139240762,"12":0.0170820262,"13":0.0106381858,"14":0.0175624937,"15":0.0092189917,"16":0.0133649437,"17":0.0089092143,"18":0.0087709744,"19":0.0221552867,"20":0.0112073477,"21":0.0136674857,"22":0.0084855342,"23":0.0104738111,"24":0.0073830066,"25":0.0078990739,"26":0.0063164555,"27":0.0058294982,"28":0.0092736222,"29":0.0079367943,"30":0.0077443882,"31":0.0082104607,"32":0.0077794301,"33":0.0091130771,"34":0.0077720326,"35":0.0080136145,"36":0.010331207,"37":0.0096319253,"38":0.0073304498,"39":0.0074475063,"40":0.0076364852,"41":0.0085138278,"42":0.0065196231,"43":0.0081126969,"44":0.0190658662,"45":0.0066930158,"46":0.0070059896,"47":0.0069370824,"48":0.0099191032,"49":0.0075919274,"50":0.0058469228,"51":0.0089879557,"52":0.0068479446,"53":0.0067613614,"54":0.0089367013,"55":0.0075309216,"56":0.0102477781,"57":0.0072993822,"58":0.0075794118,"59":0.0111782486,"60":0.0097016217,"61":0.0054825726,"62":0.0087865964,"63":0.0084850537,"64":0.012147205,"65":0.0070872623,"66":0.0074497145,"67":0.0086169709,"68":0.0077896137,"69":0.0093826195},"val_sparse_categorical_accuracy":{"0":0.9806388617,"1":0.9842110276,"2":0.9878073931,"3":0.9883179665,"4":0.9886743426,"5":0.9889985919,"6":0.9896300435,"7":0.9909142852,"8":0.9903517365,"9":0.9902121425,"10":0.9898498654,"11":0.9896820784,"12":0.9899482727,"13":0.9905657768,"14":0.9904679656,"15":0.9920597076,"16":0.9905440807,"17":0.9916071296,"18":0.9925745726,"19":0.988828361,"20":0.9916236997,"21":0.9910595417,"22":0.9919948578,"23":0.9924654365,"24":0.992962122,"25":0.9926334023,"26":0.9937990904,"27":0.9939880371,"28":0.9928773642,"29":0.9929463267,"30":0.9935183525,"31":0.993180573,"32":0.9929992557,"33":0.9921009541,"34":0.9935194254,"35":0.9933311939,"36":0.9915770888,"37":0.9923059344,"38":0.9936490655,"39":0.9938573241,"40":0.9940324426,"41":0.9938721657,"42":0.9935078025,"43":0.9932089448,"44":0.9886575341,"45":0.9937633276,"46":0.9937942028,"47":0.9938575625,"48":0.9927071333,"49":0.9936868548,"50":0.9943624735,"51":0.9931290746,"52":0.993942976,"53":0.9943819642,"54":0.9934165478,"55":0.9943531752,"56":0.9931758046,"57":0.9942287207,"58":0.9943529367,"59":0.9928782582,"60":0.9937710762,"61":0.9941930771,"62":0.9942049384,"63":0.9943710566,"64":0.9928514957,"65":0.9944157004,"66":0.9942685366,"67":0.9937974215,"68":0.9946679473,"69":0.9940957427}}