{"loss":{"0":0.1525393277,"1":0.0606756471,"2":0.0362162776,"3":0.0211530197,"4":0.0159655232,"5":0.0141716199,"6":0.0135847786,"7":0.013205803,"8":0.0129374769,"9":0.0126973009,"10":0.0125892302,"11":0.0123925991,"12":0.0120999059,"13":0.0118015362,"14":0.0115190931,"15":0.0111953029,"16":0.0108868228,"17":0.0107645094,"18":0.0103280656,"19":0.0099013401},"sparse_categorical_accuracy":{"0":0.525660336,"1":0.9182878733,"2":0.9701251388,"3":0.9788152575,"4":0.9804670215,"5":0.9815961719,"6":0.9821403623,"7":0.9826465249,"8":0.9831718802,"9":0.9834686518,"10":0.9836257696,"11":0.9836868048,"12":0.9838416576,"13":0.983917892,"14":0.9840173721,"15":0.9840445518,"16":0.9840960503,"17":0.984259665,"18":0.9848821163,"19":0.9855005145},"val_loss":{"0":0.0631011426,"1":0.0406909734,"2":0.024721019,"3":0.0167765096,"4":0.0143214595,"5":0.0137748336,"6":0.013638583,"7":0.0134020504,"8":0.0132407239,"9":0.01291708,"10":0.0127759408,"11":0.0129255243,"12":0.0131061524,"13":0.0124416845,"14":0.012356841,"15":0.0123343403,"16":0.0127325114,"17":0.0120005971,"18":0.012066816,"19":0.0123188049},"val_sparse_categorical_accuracy":{"0":0.9798271656,"1":0.9803532362,"2":0.9803532362,"3":0.9803532362,"4":0.9803532362,"5":0.9803532362,"6":0.9803532362,"7":0.9803532362,"8":0.9803532362,"9":0.9803692698,"10":0.98051548,"11":0.9819601774,"12":0.9818886518,"13":0.9838393927,"14":0.9838860631,"15":0.9839086533,"16":0.9839103818,"17":0.9839283228,"18":0.984995544,"19":0.9858507514}}