{"loss":{"0":0.0333692692,"1":0.025003152,"2":0.0227477774,"3":0.0212782081,"4":0.0204389002,"5":0.0196406152,"6":0.0188225769,"7":0.0177461598,"8":0.0177864525,"9":0.0178050492,"10":0.0173744503,"11":0.0174713228,"12":0.0174012594,"13":0.0170352012,"14":0.0175092481,"15":0.0168462154,"16":0.0168741569,"17":0.0166812949,"18":0.0167948101,"19":0.0167424846,"20":0.0166897718,"21":0.0167671032,"22":0.0165018048,"23":0.0164412539,"24":0.0166252181,"25":0.0163060445,"26":0.0163485184,"27":0.016026726,"28":0.0165590774,"29":0.0162909906,"30":0.0161725841,"31":0.0160862021,"32":0.0159001127,"33":0.0156054329,"34":0.0160804614,"35":0.0160560627,"36":0.0155811133,"37":0.015354177,"38":0.0154013196,"39":0.0152567578},"sparse_categorical_accuracy":{"0":0.9806431532,"1":0.98087883,"2":0.9843957424,"3":0.9876102209,"4":0.9877921939,"5":0.9878211021,"6":0.9878377914,"7":0.9878413081,"8":0.9878483415,"9":0.9878485203,"10":0.9878484011,"11":0.9878516197,"12":0.9878523946,"13":0.9878528118,"14":0.9878531694,"15":0.9878503084,"16":0.987852633,"17":0.9878540039,"18":0.9878542423,"19":0.9878540039,"20":0.9878547788,"21":0.9878541231,"22":0.9878547788,"23":0.9878565669,"24":0.9878543615,"25":0.9878551364,"26":0.9878576398,"27":0.9878563285,"28":0.987857461,"29":0.9877260923,"30":0.9878565669,"31":0.9878559113,"32":0.987857759,"33":0.9879286885,"34":0.9878707528,"35":0.9878485203,"36":0.9878572226,"37":0.987985611,"38":0.9880616069,"39":0.9882695079},"val_loss":{"0":0.0245677587,"1":0.02257712,"2":0.0225070529,"3":0.020197155,"4":0.0192934927,"5":0.0183669515,"6":0.017152654,"7":0.0189320054,"8":0.0179735553,"9":0.0174237341,"10":0.0165874064,"11":0.017122902,"12":0.0165408719,"13":0.0170864686,"14":0.0169247892,"15":0.0162127875,"16":0.016072562,"17":0.0161605086,"18":0.0157774668,"19":0.0158480741,"20":0.0157308858,"21":0.0162339527,"22":0.0159228891,"23":0.0166027918,"24":0.0157195367,"25":0.0154216606,"26":0.0153438775,"27":0.0167710092,"28":0.0164627898,"29":0.0152122565,"30":0.0156571791,"31":0.0156345926,"32":0.0149778249,"33":0.0164287798,"34":0.0147480126,"35":0.0153968139,"36":0.015330039,"37":0.0148657449,"38":0.014308909,"39":0.0143916244},"val_sparse_categorical_accuracy":{"0":0.9806388617,"1":0.9806522727,"2":0.9875942469,"3":0.9878082871,"4":0.9878177047,"5":0.9878185391,"6":0.9878184199,"7":0.9878195524,"8":0.9878206849,"9":0.9878155589,"10":0.987819314,"11":0.9878216982,"12":0.9878184199,"13":0.9878186584,"14":0.9878152609,"15":0.9878178239,"16":0.9878214002,"17":0.987821579,"18":0.9878222346,"19":0.9878216982,"20":0.9878216982,"21":0.9878216982,"22":0.9878216982,"23":0.9878216982,"24":0.9878216982,"25":0.9878216982,"26":0.9878216982,"27":0.9878202677,"28":0.9878181815,"29":0.9878250957,"30":0.9878199697,"31":0.9878212214,"32":0.9878223538,"33":0.9878211021,"34":0.9878702164,"35":0.9878206253,"36":0.9878230691,"37":0.9885668755,"38":0.988717258,"39":0.9888631105}}