{"loss":{"0":0.039257396,"1":0.024377171,"2":0.021567693,"3":0.0196246598,"4":0.0193176884,"5":0.019171128,"6":0.0185196251,"7":0.0179114379,"8":0.0179212261,"9":0.0176175982,"10":0.0175205935,"11":0.0175752472,"12":0.0173972044,"13":0.0173390061,"14":0.0170797314,"15":0.0166655648,"16":0.0168928914,"17":0.0165656637,"18":0.0165218953,"19":0.0163669232,"20":0.016315911,"21":0.0160906073,"22":0.0160172097,"23":0.0161858164,"24":0.016275797,"25":0.0160947666,"26":0.0157823917,"27":0.0154281054,"28":0.0155553045,"29":0.0153828952,"30":0.0155135319,"31":0.0152548784,"32":0.0156893395,"33":0.015183406,"34":0.0149496477,"35":0.0150807193,"36":0.014967395,"37":0.0153296953,"38":0.0153221712,"39":0.0147993201,"40":0.0147303436,"41":0.0145966979,"42":0.0147502124,"43":0.0146959983,"44":0.0146873798,"45":0.0150453299,"46":0.0148890633,"47":0.0143536543,"48":0.0144930491,"49":0.0145348394,"50":0.0144516192,"51":0.0143614663,"52":0.014245972,"53":0.014169964,"54":0.0140857194,"55":0.0141552575,"56":0.0150037827,"57":0.0144429421,"58":0.0140499547,"59":0.0139804464},"sparse_categorical_accuracy":{"0":0.9537789822,"1":0.9827128053,"2":0.9865359068,"3":0.9876842499,"4":0.9877915382,"5":0.9878188968,"6":0.9878345728,"7":0.9878374338,"8":0.98783952,"9":0.9878435135,"10":0.9878463149,"11":0.9878425002,"12":0.987847209,"13":0.9878485203,"14":0.9878445864,"15":0.9878486395,"16":0.9878349304,"17":0.9878408313,"18":0.9878688455,"19":0.9878901839,"20":0.9878451228,"21":0.987847209,"22":0.9879461527,"23":0.9880356789,"24":0.9878149629,"25":0.9879809618,"26":0.9880587459,"27":0.9882931113,"28":0.9882621169,"29":0.9882955551,"30":0.9883358479,"31":0.9885264039,"32":0.9883434176,"33":0.9882887006,"34":0.9886502624,"35":0.988550961,"36":0.9888167381,"37":0.9883534908,"38":0.9884498119,"39":0.9887083769,"40":0.9888765812,"41":0.9889193177,"42":0.9889204502,"43":0.988937676,"44":0.988946259,"45":0.9886491895,"46":0.9887653589,"47":0.9891244769,"48":0.9891140461,"49":0.9891036153,"50":0.9891039729,"51":0.9891889691,"52":0.9893710613,"53":0.9894455075,"54":0.9893962741,"55":0.9891787171,"56":0.9886575341,"57":0.9892545342,"58":0.9895328283,"59":0.9895641208},"val_loss":{"0":0.0386723578,"1":0.0244191028,"2":0.0300725773,"3":0.0282935072,"4":0.0195622053,"5":0.023021685,"6":0.0232841168,"7":0.0222925078,"8":0.0242216624,"9":0.0231913161,"10":0.0208571274,"11":0.0298586953,"12":0.0217992943,"13":0.0257364661,"14":0.0165542178,"15":0.0362101905,"16":0.0342119895,"17":0.0226789061,"18":0.0368572809,"19":0.0352521464,"20":0.030325966,"21":0.0193014517,"22":0.0293030739,"23":0.0199351627,"24":0.0174217802,"25":0.0203028973,"26":0.0265440624,"27":0.0347335823,"28":0.0206867754,"29":0.0252277721,"30":0.0182991195,"31":0.0155653702,"32":0.0174632426,"33":0.0218010433,"34":0.0237659924,"35":0.0223667715,"36":0.021245338,"37":0.0194043592,"38":0.0325951912,"39":0.0190117471,"40":0.0227151942,"41":0.0191589259,"42":0.032026723,"43":0.0172885414,"44":0.0156457406,"45":0.0213576686,"46":0.0193689913,"47":0.0140059441,"48":0.01744725,"49":0.028618874,"50":0.019709276,"51":0.0189613644,"52":0.0190864,"53":0.0209109411,"54":0.017986685,"55":0.018095376,"56":0.0142211076,"57":0.0158957932,"58":0.0192500744,"59":0.0240375437},"val_sparse_categorical_accuracy":{"0":0.9806388617,"1":0.9860865474,"2":0.9878002405,"3":0.9878063798,"4":0.987796545,"5":0.9878185391,"6":0.9878183007,"7":0.9878160357,"8":0.9878185391,"9":0.9878205061,"10":0.9878185391,"11":0.9878185391,"12":0.9878184199,"13":0.9878216982,"14":0.9878185391,"15":0.9878216982,"16":0.987821579,"17":0.9878216982,"18":0.9878208637,"19":0.9878216982,"20":0.9878216982,"21":0.9878466725,"22":0.9878259897,"23":0.9878205061,"24":0.9878216982,"25":0.9878249168,"26":0.9878216982,"27":0.9878216982,"28":0.9879379869,"29":0.9878364205,"30":0.9886284471,"31":0.9888652563,"32":0.9877701998,"33":0.9878460765,"34":0.9879211187,"35":0.9878318906,"36":0.9879767895,"37":0.9884868264,"38":0.9878216982,"39":0.9884585738,"40":0.9879701734,"41":0.9886195064,"42":0.9878450036,"43":0.9884340763,"44":0.9886298776,"45":0.9878216982,"46":0.9884803295,"47":0.9892625809,"48":0.989428401,"49":0.988420248,"50":0.988691926,"51":0.9891558886,"52":0.9887437224,"53":0.9893468022,"54":0.9888056517,"55":0.9880203605,"56":0.988915205,"57":0.9860602021,"58":0.9892641902,"59":0.9892435074}}