{"loss":{"0":0.04217292,"1":0.0227826685,"2":0.0206599906,"3":0.019606242,"4":0.0190887898,"5":0.0183364358,"6":0.0181598868,"7":0.0178770311,"8":0.0177608561,"9":0.0180497766,"10":0.017540019,"11":0.0170629974,"12":0.0172270145,"13":0.0179719497,"14":0.017438475,"15":0.0165913142,"16":0.0163022205,"17":0.016492188,"18":0.0161588527,"19":0.0170621965,"20":0.0164545383,"21":0.0160433762,"22":0.0159535967,"23":0.0163337961,"24":0.0166873448,"25":0.0158726145,"26":0.0155616803,"27":0.0154891051,"28":0.015477919,"29":0.0154340835,"30":0.0153718218,"31":0.015935868,"32":0.0156332962,"33":0.0152561842,"34":0.0152683994,"35":0.0151498644,"36":0.0154377231,"37":0.0152113391,"38":0.0150777549,"39":0.0152897108,"40":0.0152166085,"41":0.0147287445,"42":0.0153873758,"43":0.0152021749,"44":0.0148428818,"45":0.0146524934,"46":0.0145019107,"47":0.0150120426,"48":0.0147391008,"49":0.01461107,"50":0.0146244476,"51":0.0144676669,"52":0.0143215284,"53":0.014418399,"54":0.0141618475,"55":0.0144170094,"56":0.0147180092,"57":0.014273854,"58":0.0139267342,"59":0.0140531035},"sparse_categorical_accuracy":{"0":0.9475924373,"1":0.9843021631,"2":0.9874203205,"3":0.9878076911,"4":0.9878196716,"5":0.9878246188,"6":0.987837553,"7":0.9878383279,"8":0.9878402948,"9":0.9878419638,"10":0.9878406525,"11":0.9878522754,"12":0.987848103,"13":0.9878417253,"14":0.9878496528,"15":0.9878491759,"16":0.987870276,"17":0.9878408313,"18":0.9878385663,"19":0.9878554344,"20":0.9878562093,"21":0.9878658652,"22":0.9879092574,"23":0.9880949855,"24":0.9878566861,"25":0.9880687594,"26":0.988155067,"27":0.9883583188,"28":0.9881583452,"29":0.9883186817,"30":0.9883976579,"31":0.988222301,"32":0.9884113073,"33":0.9884917736,"34":0.9885350466,"35":0.9884979129,"36":0.987977922,"37":0.9881560206,"38":0.9883736968,"39":0.9882196188,"40":0.9887184501,"41":0.9889620543,"42":0.9886168838,"43":0.9883890152,"44":0.9887735844,"45":0.9890367389,"46":0.9890286922,"47":0.9886261225,"48":0.9889302254,"49":0.9888674021,"50":0.988953948,"51":0.9891454577,"52":0.9892308116,"53":0.9891318679,"54":0.9892846942,"55":0.9891431332,"56":0.9885901809,"57":0.9893219471,"58":0.9895023108,"59":0.9894115925},"val_loss":{"0":0.0271367915,"1":0.0390029848,"2":0.0385129787,"3":0.0349660404,"4":0.024791399,"5":0.0298686195,"6":0.025107583,"7":0.0284388792,"8":0.0287718456,"9":0.0238487516,"10":0.0276141055,"11":0.0421567559,"12":0.0255035665,"13":0.0198710579,"14":0.0299932268,"15":0.0173626654,"16":0.0192284193,"17":0.0151677895,"18":0.0278463606,"19":0.025214104,"20":0.026136769,"21":0.036617361,"22":0.0485421345,"23":0.0181893054,"24":0.0378397182,"25":0.0212946441,"26":0.019746121,"27":0.0170528255,"28":0.0197109804,"29":0.0220405534,"30":0.0182665344,"31":0.0169288646,"32":0.020713089,"33":0.0220832303,"34":0.0169767924,"35":0.0155479265,"36":0.0206539705,"37":0.0178709049,"38":0.0186753124,"39":0.0165786203,"40":0.0180733167,"41":0.0171675757,"42":0.0171752311,"43":0.0158986934,"44":0.0141699892,"45":0.0218290668,"46":0.0225039795,"47":0.0163734648,"48":0.0147352405,"49":0.0200910121,"50":0.0194586013,"51":0.0179189444,"52":0.0199273955,"53":0.018306043,"54":0.0168583244,"55":0.0169256702,"56":0.0214696005,"57":0.0213996936,"58":0.0183291808,"59":0.0187646132},"val_sparse_categorical_accuracy":{"0":0.9806388617,"1":0.9861540794,"2":0.9878157377,"3":0.9878152609,"4":0.9878176451,"5":0.9878216982,"6":0.9878216982,"7":0.9878213406,"8":0.9878216982,"9":0.9878216982,"10":0.9878216982,"11":0.9878216982,"12":0.9878216982,"13":0.9878212214,"14":0.9878216982,"15":0.9878216982,"16":0.9879407883,"17":0.9878216982,"18":0.9878214598,"19":0.987821579,"20":0.9878216982,"21":0.9878216982,"22":0.9878216982,"23":0.9878208637,"24":0.9878216982,"25":0.9882209301,"26":0.9882084131,"27":0.9888450503,"28":0.9884140491,"29":0.9880567193,"30":0.9884845018,"31":0.9886519313,"32":0.9885756969,"33":0.9888399243,"34":0.9839436412,"35":0.9888161421,"36":0.9878221154,"37":0.9886570573,"38":0.989048779,"39":0.9887209535,"40":0.9891574383,"41":0.989168942,"42":0.9885754585,"43":0.9882069826,"44":0.9891293049,"45":0.9890128374,"46":0.9892724752,"47":0.988422215,"48":0.988022387,"49":0.9891902804,"50":0.9885185361,"51":0.9890726805,"52":0.9892767668,"53":0.9888214469,"54":0.9896719456,"55":0.9878643155,"56":0.9888988733,"57":0.9895716906,"58":0.9897167087,"59":0.989689827}}