{"loss":{"0":0.1304585338,"1":0.039709188,"2":0.0155156776,"3":0.0138802864,"4":0.0134544084,"5":0.013123706,"6":0.0142616406,"7":0.0140858954,"8":0.0132001406,"9":0.0126275104,"10":0.0119766509,"11":0.0116758114,"12":0.0111454492,"13":0.0107479058,"14":0.0106378114,"15":0.0104919011,"16":0.010395661,"17":0.009998084,"18":0.0101411296,"19":0.0097723287},"sparse_categorical_accuracy":{"0":0.659773469,"1":0.9728817344,"2":0.9807727337,"3":0.9808510542,"4":0.9808579683,"5":0.9808596969,"6":0.980388999,"7":0.9808485508,"8":0.9808564186,"9":0.9810593724,"10":0.9818606973,"11":0.9827572703,"12":0.9843132496,"13":0.9851658344,"14":0.9860917926,"15":0.9866233468,"16":0.9870734215,"17":0.9871689677,"18":0.9872496724,"19":0.9873450994},"val_loss":{"0":0.20289056,"1":0.0149870301,"2":0.0142135536,"3":0.0142536843,"4":0.0143184438,"5":0.0150963739,"6":0.0566348061,"7":0.0160227455,"8":0.0135898432,"9":0.0139325541,"10":0.016482627,"11":0.0141962459,"12":0.012960759,"13":0.0125645548,"14":0.0122213624,"15":0.0120519726,"16":0.0122182937,"17":0.0102904094,"18":0.0099375285,"19":0.0098910807},"val_sparse_categorical_accuracy":{"0":0.9838864803,"1":0.9806388617,"2":0.9806388617,"3":0.9806388617,"4":0.9806388617,"5":0.9806388617,"6":0.980797708,"7":0.9806388617,"8":0.9806388617,"9":0.9806388617,"10":0.9806388617,"11":0.9806388617,"12":0.9806389809,"13":0.9807257056,"14":0.9830417037,"15":0.9844419956,"16":0.9852494001,"17":0.9872431159,"18":0.9876894951,"19":0.9876977205}}