{"loss":{"0":0.092842184,"1":0.0287562329,"2":0.0141497105,"3":0.0123935658,"4":0.0118799582,"5":0.0116861919,"6":0.011516396,"7":0.0113118598,"8":0.0112582035,"9":0.0111409053,"10":0.0110446252,"11":0.0109573975,"12":0.0110009862,"13":0.0108865136,"14":0.0109637445,"15":0.0109347925,"16":0.0109248618,"17":0.0107066957,"18":0.0107644126,"19":0.0106098698,"20":0.0109625971,"21":0.0115090841,"22":0.0112411901,"23":0.0110461954,"24":0.0109863253,"25":0.0107907662,"26":0.0106296195,"27":0.0103516532,"28":0.0104341768,"29":0.0101906462,"30":0.0100153396,"31":0.0098159779,"32":0.0096529219,"33":0.0099009881,"34":0.0097411331,"35":0.0093318466,"36":0.0092273001,"37":0.0092502637,"38":0.0091429735,"39":0.0093264384},"sparse_categorical_accuracy":{"0":0.7993228436,"1":0.9814501405,"2":0.9826756716,"3":0.9842796922,"4":0.9855417609,"5":0.9861246347,"6":0.9868175983,"7":0.9873293042,"8":0.9874684215,"9":0.9874999523,"10":0.9875763059,"11":0.987609446,"12":0.987616241,"13":0.9877000451,"14":0.9876073599,"15":0.9876639247,"16":0.9876493216,"17":0.9876695275,"18":0.9876907468,"19":0.9876992702,"20":0.9873685241,"21":0.9875177741,"22":0.9876328707,"23":0.9876232743,"24":0.9876040816,"25":0.9876278043,"26":0.9876300693,"27":0.9876635671,"28":0.9876247048,"29":0.9876943231,"30":0.9876945615,"31":0.9875927567,"32":0.987695992,"33":0.9873634577,"34":0.9877593517,"35":0.9877440929,"36":0.9877734184,"37":0.9877735376,"38":0.9878568053,"39":0.9876447916},"val_loss":{"0":0.0465414859,"1":0.0169006679,"2":0.0140214991,"3":0.0136848567,"4":0.0130653623,"5":0.0129932733,"6":0.012609805,"7":0.0122474879,"8":0.0121762501,"9":0.0131629128,"10":0.0120222019,"11":0.0116468361,"12":0.0112190098,"13":0.0129688084,"14":0.0112272864,"15":0.0291036833,"16":0.0110067325,"17":0.0137364147,"18":0.0236540344,"19":0.0117947599,"20":0.0617161766,"21":0.0112148644,"22":0.011080347,"23":0.014266938,"24":0.0129472185,"25":0.0125881173,"26":0.0139674721,"27":0.0116325244,"28":0.0105778528,"29":0.0103512853,"30":0.0105594452,"31":0.0106037343,"32":0.0105076358,"33":0.0112643363,"34":0.013830388,"35":0.0115678739,"36":0.0097013675,"37":0.0094937338,"38":0.0102429232,"39":0.0097723855},"val_sparse_categorical_accuracy":{"0":0.9806388617,"1":0.9806388617,"2":0.9806388617,"3":0.9806388617,"4":0.9806500077,"5":0.9822640419,"6":0.9822705984,"7":0.9841249585,"8":0.9836648107,"9":0.984231472,"10":0.984603703,"11":0.9868639112,"12":0.987193346,"13":0.9874609709,"14":0.9876022935,"15":0.9858757257,"16":0.9878041744,"17":0.9878150821,"18":0.9878156185,"19":0.9878200293,"20":0.9877933264,"21":0.9878084064,"22":0.9878163338,"23":0.9878185391,"24":0.987818718,"25":0.9878128171,"26":0.9878128767,"27":0.9878216982,"28":0.9878247976,"29":0.9878215194,"30":0.9878389835,"31":0.987827599,"32":0.9878226519,"33":0.9878213406,"34":0.9878216982,"35":0.9878231883,"36":0.987827599,"37":0.9878405929,"38":0.9878387451,"39":0.9878249168}}