{"loss":{"0":0.0329731777,"1":0.0240723528,"2":0.0211658198,"3":0.0197009705,"4":0.0190497302,"5":0.0186849572,"6":0.0181748141,"7":0.0183251612,"8":0.0177475587,"9":0.0174738951,"10":0.0171011593,"11":0.0170369502,"12":0.0170313548,"13":0.0166323017,"14":0.0164604373,"15":0.0162744485,"16":0.0162212215,"17":0.0162049253,"18":0.0163107812,"19":0.0165734421,"20":0.0161037575,"21":0.0159937404,"22":0.0158803426,"23":0.0158763267,"24":0.0158368442,"25":0.0157708954,"26":0.0155179389,"27":0.0154492194,"28":0.0153950918,"29":0.0157306325,"30":0.0152041772,"31":0.0160180423,"32":0.0156018231,"33":0.015381895,"34":0.0150498003,"35":0.0153482109,"36":0.0150070693,"37":0.014933276,"38":0.0146217113,"39":0.014868455,"40":0.0146485977,"41":0.0147734117,"42":0.0145901768,"43":0.0142463762,"44":0.0141311837,"45":0.0141566657,"46":0.0144079784,"47":0.0141012324,"48":0.0140399328,"49":0.0138299363,"50":0.0140257953,"51":0.0139646865,"52":0.0140759852,"53":0.0143909603,"54":0.0139464336,"55":0.0137495482,"56":0.0136466427,"57":0.0136540961,"58":0.01402729,"59":0.0138503546},"sparse_categorical_accuracy":{"0":0.9801084399,"1":0.9827834368,"2":0.9873892665,"3":0.9878183603,"4":0.9878196716,"5":0.9878331423,"6":0.9878320694,"7":0.9878402948,"8":0.9878421426,"9":0.987844944,"10":0.987846911,"11":0.9878438115,"12":0.9878498316,"13":0.9878482223,"14":0.9878504276,"15":0.9878554344,"16":0.9878541231,"17":0.9878629446,"18":0.9878566861,"19":0.9878526926,"20":0.9878598452,"21":0.9878712893,"22":0.9879438877,"23":0.9878631234,"24":0.9879370332,"25":0.987963438,"26":0.9881193638,"27":0.9880477786,"28":0.9882023931,"29":0.9883313179,"30":0.9884973764,"31":0.9878508449,"32":0.9882538915,"33":0.9883173704,"34":0.9886831045,"35":0.988532424,"36":0.9886463284,"37":0.9885010123,"38":0.9890066385,"39":0.9888573885,"40":0.9890617728,"41":0.988985002,"42":0.9892167449,"43":0.9894590974,"44":0.9894924164,"45":0.9894148707,"46":0.9893885851,"47":0.9895947576,"48":0.9894245267,"49":0.9897034764,"50":0.9897115827,"51":0.9895766377,"52":0.9895208478,"53":0.9891841412,"54":0.9895203114,"55":0.989821434,"56":0.9898237586,"57":0.9897994399,"58":0.9894381166,"59":0.9896437526},"val_loss":{"0":0.0337636434,"1":0.0215164647,"2":0.025062345,"3":0.0257401168,"4":0.0418567844,"5":0.0227487944,"6":0.0244245287,"7":0.0193680152,"8":0.0267545786,"9":0.026456492,"10":0.0242043678,"11":0.0302915014,"12":0.018765768,"13":0.0270112716,"14":0.0162209142,"15":0.0225503352,"16":0.0170880929,"17":0.0188044589,"18":0.01663322,"19":0.0165089034,"20":0.0249498412,"21":0.0196407177,"22":0.0249225255,"23":0.019264238,"24":0.0185856782,"25":0.0253600851,"26":0.0166016836,"27":0.0171897914,"28":0.017962493,"29":0.0161005389,"30":0.016533725,"31":0.0161623545,"32":0.0198058803,"33":0.0155606745,"34":0.0175760705,"35":0.0191104971,"36":0.0154119479,"37":0.0218853634,"38":0.0185224451,"39":0.0177854486,"40":0.0163072851,"41":0.0218095593,"42":0.0176250115,"43":0.0162337106,"44":0.016797822,"45":0.018426124,"46":0.0182974618,"47":0.0177306477,"48":0.0149439303,"49":0.016288748,"50":0.0158796608,"51":0.0177024174,"52":0.0175872371,"53":0.0173433647,"54":0.0162519291,"55":0.0138107156,"56":0.0149226002,"57":0.0174971744,"58":0.0158648472,"59":0.0181153566},"val_sparse_categorical_accuracy":{"0":0.9806388617,"1":0.9846158624,"2":0.9877147675,"3":0.9877979755,"4":0.9878092408,"5":0.9878053069,"6":0.9878157377,"7":0.9878081083,"8":0.9878150821,"9":0.9878174663,"10":0.9878196716,"11":0.9878216982,"12":0.9878110886,"13":0.987821877,"14":0.9878214598,"15":0.9878228307,"16":0.9878158569,"17":0.9878214598,"18":0.9877462983,"19":0.9878216982,"20":0.9878214598,"21":0.9878230691,"22":0.9878339767,"23":0.9878188372,"24":0.9866867661,"25":0.9878960252,"26":0.9882270098,"27":0.9878780246,"28":0.9880741835,"29":0.9881247282,"30":0.9887645245,"31":0.9882151484,"32":0.9885609746,"33":0.9883611202,"34":0.9878675938,"35":0.9888517857,"36":0.9888709784,"37":0.9881125093,"38":0.9849412441,"39":0.9889197946,"40":0.9880154729,"41":0.9883767962,"42":0.9894029498,"43":0.9895634055,"44":0.9894183874,"45":0.9884771705,"46":0.9886366129,"47":0.9896306992,"48":0.9894070029,"49":0.9890187979,"50":0.989300251,"51":0.9894900918,"52":0.9856722951,"53":0.9896108508,"54":0.9894627929,"55":0.9897681475,"56":0.989553988,"57":0.9890502691,"58":0.9893081188,"59":0.9895864129}}