{"loss":{"0":0.0346724205,"1":0.0223893877,"2":0.0179942772,"3":0.0166593362,"4":0.0161678009,"5":0.0160012189,"6":0.0154741639,"7":0.0150274467,"8":0.0145426458,"9":0.0139975483,"10":0.0141678425,"11":0.0134450225,"12":0.0131348874,"13":0.0132454047,"14":0.0129272323,"15":0.0128251556,"16":0.0126390122,"17":0.0124084065,"18":0.0123279402,"19":0.0123242578,"20":0.0114205657,"21":0.011099007,"22":0.0119030802,"23":0.0109574134,"24":0.0110503463,"25":0.01053687,"26":0.0104237208,"27":0.0101724099,"28":0.0101946816,"29":0.0099372743,"30":0.0100497995,"31":0.0096853618,"32":0.009401219,"33":0.0094609065,"34":0.0095859896,"35":0.0092223771,"36":0.0089253252,"37":0.0087105921,"38":0.0092725856,"39":0.0086516663,"40":0.0083050895,"41":0.0081504108,"42":0.008253837,"43":0.008353373,"44":0.0081285853,"45":0.008024266,"46":0.0075104111,"47":0.0081528863,"48":0.0079119531,"49":0.0076298327,"50":0.0074851722,"51":0.0072280969,"52":0.0073692114,"53":0.0071694911,"54":0.0068759671,"55":0.0068091149,"56":0.0075656408,"57":0.006868178,"58":0.0066906922,"59":0.0065210061,"60":0.0066305622,"61":0.0067910668,"62":0.0065850327,"63":0.0066856872,"64":0.0067886719,"65":0.0062800813,"66":0.0064994278,"67":0.0058444883,"68":0.0055402834,"69":0.0058823242},"sparse_categorical_accuracy":{"0":0.9809647202,"1":0.9843533635,"2":0.9877690077,"3":0.9878244996,"4":0.9878237247,"5":0.9878357053,"6":0.987840414,"7":0.9878998399,"8":0.9878453612,"9":0.987955153,"10":0.9881017804,"11":0.9882377386,"12":0.9886408448,"13":0.9884520173,"14":0.9886514544,"15":0.9886991382,"16":0.9890114665,"17":0.9889072776,"18":0.9890827537,"19":0.9888392687,"20":0.9896376729,"21":0.9896208644,"22":0.9890663028,"23":0.9899560809,"24":0.9897833467,"25":0.9901551008,"26":0.9900375605,"27":0.9904726148,"28":0.9904494286,"29":0.9904752374,"30":0.9902088046,"31":0.9907870293,"32":0.990907371,"33":0.9909098148,"34":0.9908986092,"35":0.9911956787,"36":0.9911769032,"37":0.9915473461,"38":0.9910615683,"39":0.9915601611,"40":0.9915903807,"41":0.9919668436,"42":0.9918029904,"43":0.9917650223,"44":0.9919217229,"45":0.9917711616,"46":0.9923250079,"47":0.991902709,"48":0.992215395,"49":0.9921274185,"50":0.9924907088,"51":0.9926755428,"52":0.9923434258,"53":0.9925584793,"54":0.9928709269,"55":0.9930236936,"56":0.9921773672,"57":0.9928895831,"58":0.9932200909,"59":0.9931064248,"60":0.9930247068,"61":0.9927654266,"62":0.9930557609,"63":0.9929047823,"64":0.9928047061,"65":0.9932181239,"66":0.993105948,"67":0.993658483,"68":0.9938225746,"69":0.9935430884},"val_loss":{"0":0.0237678215,"1":0.0184541978,"2":0.0363582484,"3":0.0294568203,"4":0.0426164456,"5":0.0436224453,"6":0.0465056524,"7":0.0389513373,"8":0.0197707564,"9":0.0175356958,"10":0.0174892228,"11":0.0189287532,"12":0.0176841486,"13":0.0213593207,"14":0.0187242441,"15":0.0239835717,"16":0.016673483,"17":0.0195142627,"18":0.0327452719,"19":0.0154258283,"20":0.0154533805,"21":0.0248289816,"22":0.0241421703,"23":0.0143048652,"24":0.0123471338,"25":0.0135402875,"26":0.0131215649,"27":0.0134856272,"28":0.0115608899,"29":0.0123329256,"30":0.0151518574,"31":0.0175129715,"32":0.0119616371,"33":0.0131815737,"34":0.0124252243,"35":0.0111672143,"36":0.0108789168,"37":0.0142377755,"38":0.0112268003,"39":0.011272083,"40":0.0107894512,"41":0.0110280886,"42":0.0111152641,"43":0.0118704997,"44":0.0109750479,"45":0.0101219788,"46":0.0091104498,"47":0.0126264729,"48":0.0090358844,"49":0.0087689478,"50":0.009505122,"51":0.0100843022,"52":0.0105662765,"53":0.0184703395,"54":0.0100133456,"55":0.0090873968,"56":0.008853497,"57":0.0110376077,"58":0.0077594747,"59":0.0078993803,"60":0.0112489406,"61":0.0107209766,"62":0.00833683,"63":0.0100801997,"64":0.0082213301,"65":0.010805862,"66":0.0083204666,"67":0.0088564176,"68":0.0130995931,"69":0.0095163584},"val_sparse_categorical_accuracy":{"0":0.9817880392,"1":0.9868609309,"2":0.9878153205,"3":0.9878175259,"4":0.9878185391,"5":0.9878162146,"6":0.9878153801,"7":0.9878175855,"8":0.9878129363,"9":0.9878146648,"10":0.9875529408,"11":0.9878255129,"12":0.9874951243,"13":0.9879914522,"14":0.9879822731,"15":0.9878286123,"16":0.9794883728,"17":0.9728178382,"18":0.9476879239,"19":0.9891847372,"20":0.9842030406,"21":0.9756374359,"22":0.9886389375,"23":0.9884197712,"24":0.9900617599,"25":0.9877709746,"26":0.9900826216,"27":0.9873878956,"28":0.9899401069,"29":0.9894220829,"30":0.9901937842,"31":0.9793791175,"32":0.9902692437,"33":0.9886074662,"34":0.9892399907,"35":0.9907804132,"36":0.990127027,"37":0.9896321893,"38":0.9909495711,"39":0.9898428917,"40":0.9911419749,"41":0.9906004071,"42":0.9887123704,"43":0.9874415994,"44":0.9899193645,"45":0.9914727211,"46":0.9915079474,"47":0.9906023145,"48":0.991137445,"49":0.9914628863,"50":0.9902865291,"51":0.9893621206,"52":0.991025269,"53":0.9795143604,"54":0.9917092323,"55":0.9916208386,"56":0.9913243055,"57":0.9912415147,"58":0.9923352003,"59":0.9918373823,"60":0.9913027287,"61":0.9910367727,"62":0.991422534,"63":0.9917730093,"64":0.9908611774,"65":0.9918849468,"66":0.9914819002,"67":0.9920994043,"68":0.9906587601,"69":0.991991818}}