{"loss":{"0":0.0610636324,"1":0.027635945,"2":0.0241221208,"3":0.0232057739,"4":0.0221860148,"5":0.0228901263,"6":0.0211976375,"7":0.0203493424,"8":0.0199123342,"9":0.019490514,"10":0.0192926209,"11":0.0190730505,"12":0.0183669925,"13":0.0180293303,"14":0.0179542936,"15":0.017761346,"16":0.018272832,"17":0.0177341234,"18":0.0175664704,"19":0.0181817617,"20":0.0177402794,"21":0.0171911791,"22":0.0173177663,"23":0.0172359124,"24":0.0172633771,"25":0.0171246901,"26":0.0171296019,"27":0.0172474086,"28":0.01652468,"29":0.0168541521,"30":0.0169463065,"31":0.0167081375,"32":0.0166380461,"33":0.0168395024,"34":0.0165298022,"35":0.0168268569,"36":0.0163354911,"37":0.0160788372,"38":0.0162027385,"39":0.0159643535,"40":0.0160894059,"41":0.0158041734,"42":0.0163551327,"43":0.0158250593,"44":0.0161604099,"45":0.0155975595,"46":0.0153038315,"47":0.0155740464,"48":0.0154907005,"49":0.0156053416,"50":0.0152994096,"51":0.0159966759,"52":0.0153965345,"53":0.0152414963,"54":0.0150255729,"55":0.0150239747,"56":0.0152477818,"57":0.0154631352,"58":0.0152102448,"59":0.0148297716},"sparse_categorical_accuracy":{"0":0.9556689858,"1":0.9825261235,"2":0.9836261868,"3":0.9864679575,"4":0.9874609709,"5":0.9874883294,"6":0.9874428511,"7":0.9875018001,"8":0.9875053167,"9":0.9875078797,"10":0.9875237942,"11":0.9875237942,"12":0.9875271916,"13":0.9877836108,"14":0.987780869,"15":0.9878038168,"16":0.9877949357,"17":0.9878028631,"18":0.9877910018,"19":0.9877867103,"20":0.9877906442,"21":0.9877937436,"22":0.9878168106,"23":0.987831831,"24":0.9879139066,"25":0.9878589511,"26":0.9879063964,"27":0.9879943728,"28":0.9880912304,"29":0.987924993,"30":0.9877833128,"31":0.9878363609,"32":0.9879134297,"33":0.9879897833,"34":0.9881442785,"35":0.9879060984,"36":0.9880352616,"37":0.988258183,"38":0.9881923795,"39":0.9882353544,"40":0.9881498814,"41":0.9884420633,"42":0.9883257151,"43":0.9884212613,"44":0.9880298376,"45":0.9883344173,"46":0.9887775779,"47":0.9886290431,"48":0.9886827469,"49":0.9885761142,"50":0.988797009,"51":0.9884741902,"52":0.9886532426,"53":0.9885103703,"54":0.9889683127,"55":0.9890280366,"56":0.9890242219,"57":0.98885566,"58":0.988548696,"59":0.9890981317},"val_loss":{"0":0.0279129073,"1":0.0217677578,"2":0.0196947623,"3":0.019004954,"4":0.0188942179,"5":0.0183982607,"6":0.0181546491,"7":0.0175398737,"8":0.0168601517,"9":0.0165839959,"10":0.0173076689,"11":0.0163398441,"12":0.0161016379,"13":0.0166596714,"14":0.016350152,"15":0.0161461011,"16":0.0166558661,"17":0.0156196253,"18":0.0159261003,"19":0.0165481679,"20":0.0158016551,"21":0.0152278058,"22":0.0158491321,"23":0.0155698871,"24":0.0151959201,"25":0.0149430092,"26":0.0153303603,"27":0.0150489584,"28":0.0147494823,"29":0.0162345562,"30":0.0151623497,"31":0.0154734217,"32":0.0153132044,"33":0.0156692788,"34":0.0153796403,"35":0.0154591808,"36":0.0148913413,"37":0.014753202,"38":0.0146997403,"39":0.0145920785,"40":0.0144314421,"41":0.014711827,"42":0.0150180347,"43":0.0149668623,"44":0.0153591577,"45":0.0146555379,"46":0.0141787315,"47":0.0143471379,"48":0.0140831973,"49":0.0143059026,"50":0.014194116,"51":0.0148275262,"52":0.0145398658,"53":0.0145909563,"54":0.0140562663,"55":0.0144889727,"56":0.014616794,"57":0.0156655591,"58":0.0141864382,"59":0.0143445199},"val_sparse_categorical_accuracy":{"0":0.9817371964,"1":0.9825912714,"2":0.9843184352,"3":0.9878039956,"4":0.9878073335,"5":0.987817049,"6":0.9878109694,"7":0.9878205657,"8":0.9878208637,"9":0.9878186584,"10":0.9878185391,"11":0.987817049,"12":0.9878162146,"13":0.9878183007,"14":0.9878216982,"15":0.9878187776,"16":0.9878204465,"17":0.9878198504,"18":0.9878186584,"19":0.9878211617,"20":0.9878294468,"21":0.9878216982,"22":0.987822473,"23":0.9878421426,"24":0.9882757664,"25":0.9879427552,"26":0.9879050851,"27":0.9880403876,"28":0.988029182,"29":0.9878216982,"30":0.9878280759,"31":0.9878233075,"32":0.9878889322,"33":0.9880211949,"34":0.9883548021,"35":0.9879223108,"36":0.9886079431,"37":0.9885559678,"38":0.9883157611,"39":0.9885165691,"40":0.988652885,"41":0.9879809618,"42":0.9887362123,"43":0.9877855182,"44":0.9880427718,"45":0.9885524511,"46":0.9888489246,"47":0.9891356826,"48":0.9892373681,"49":0.9888055325,"50":0.9892482758,"51":0.9884840846,"52":0.9884812832,"53":0.9882667065,"54":0.9891422987,"55":0.9891006947,"56":0.988935709,"57":0.9878818393,"58":0.9892377257,"59":0.9891083837}}