{"loss":{"0":0.0351073407,"1":0.0157781895,"2":0.0124176079,"3":0.0116335731,"4":0.010665589,"5":0.0094531327,"6":0.0091393571,"7":0.0088840378,"8":0.0083030984,"9":0.0078758392,"10":0.0074463645,"11":0.0077934437,"12":0.0071508773,"13":0.006785606,"14":0.0066076317,"15":0.0064276415,"16":0.0059187487,"17":0.0057458808,"18":0.0057349312,"19":0.0058300272,"20":0.0056778253,"21":0.005153887,"22":0.0051886509,"23":0.0050716596,"24":0.0050426139,"25":0.0048713265,"26":0.0052384627,"27":0.0048473543,"28":0.0045413324,"29":0.0043205288,"30":0.0044568325,"31":0.0045958916,"32":0.0042059985,"33":0.0040155523,"34":0.0041265739,"35":0.0040142983,"36":0.0040201885,"37":0.0039171814,"38":0.003814837,"39":0.0037563914,"40":0.0036208755,"41":0.0034161389,"42":0.0034238289,"43":0.0040984005,"44":0.0036469176,"45":0.0035411674,"46":0.0036544048,"47":0.0032565624,"48":0.0030523529,"49":0.0029791468,"50":0.0030752209,"51":0.0030159506,"52":0.0028769653,"53":0.0028849402,"54":0.0028966884,"55":0.002908133,"56":0.003055989,"57":0.0029470033,"58":0.0027383128,"59":0.0031278429},"sparse_categorical_accuracy":{"0":0.9470015168,"1":0.9839153886,"2":0.9879783392,"3":0.9892726541,"4":0.9894088507,"5":0.9908170104,"6":0.990707159,"7":0.9912247658,"8":0.9915732741,"9":0.9923443198,"10":0.992529273,"11":0.9921607971,"12":0.992580235,"13":0.993054688,"14":0.9932708144,"15":0.9935011268,"16":0.9938313365,"17":0.9939303398,"18":0.9940339923,"19":0.9938781261,"20":0.9941085577,"21":0.9944270253,"22":0.9944227934,"23":0.9946853518,"24":0.9944314361,"25":0.9946939349,"26":0.9943965077,"27":0.9947680831,"28":0.994923234,"29":0.9951441884,"30":0.9948927164,"31":0.9949221611,"32":0.9951671362,"33":0.995369792,"34":0.995131135,"35":0.995374918,"36":0.9952421784,"37":0.9953476191,"38":0.9954258204,"39":0.9954385161,"40":0.9956219196,"41":0.9957201481,"42":0.9956588149,"43":0.9952206612,"44":0.9955543876,"45":0.9956091046,"46":0.9954804778,"47":0.9959211349,"48":0.9960249066,"49":0.9960843325,"50":0.9959740639,"51":0.9960677028,"52":0.9961792827,"53":0.9961066842,"54":0.9961385727,"55":0.9960556626,"56":0.9959118962,"57":0.9960539937,"58":0.9962719083,"59":0.9959867597},"val_loss":{"0":0.0379880071,"1":0.0414094664,"2":0.0114708934,"3":0.0120768268,"4":0.0116505641,"5":0.0117163314,"6":0.0105271284,"7":0.0474477857,"8":0.021007143,"9":0.0125747733,"10":0.0129266297,"11":0.0081661567,"12":0.0105309281,"13":0.0088719167,"14":0.0107312864,"15":0.0071055386,"16":0.0080821346,"17":0.0098461369,"18":0.0088800834,"19":0.0137799168,"20":0.0083172731,"21":0.0166670214,"22":0.007877768,"23":0.0076801102,"24":0.0133776609,"25":0.0055699819,"26":0.0088385986,"27":0.0065689976,"28":0.0087165684,"29":0.0075380811,"30":0.0055257464,"31":0.0051390147,"32":0.0056195236,"33":0.0056370273,"34":0.0069528152,"35":0.0083133662,"36":0.0057715727,"37":0.0056571658,"38":0.0079816906,"39":0.0054927911,"40":0.0056612696,"41":0.0061908988,"42":0.005035297,"43":0.0077998657,"44":0.0071564298,"45":0.0089723533,"46":0.0072439485,"47":0.0066990214,"48":0.0057764463,"49":0.0058681238,"50":0.0063107968,"51":0.0063248249,"52":0.0055545326,"53":0.005903176,"54":0.0065979538,"55":0.0049345852,"56":0.0098584648,"57":0.0057404316,"58":0.0095840897,"59":0.0069727637},"val_sparse_categorical_accuracy":{"0":0.9818271399,"1":0.9857924581,"2":0.9897230864,"3":0.9888508916,"4":0.990210712,"5":0.990006268,"6":0.9914139509,"7":0.9878185391,"8":0.9879631996,"9":0.9901427031,"10":0.9890291691,"11":0.9911135435,"12":0.9914003611,"13":0.9918198586,"14":0.9916245937,"15":0.9927313328,"16":0.9926583767,"17":0.9914178848,"18":0.9916961789,"19":0.9904804826,"20":0.9922072291,"21":0.9893987775,"22":0.9925673604,"23":0.9921426177,"24":0.9905393124,"25":0.9942426085,"26":0.9930899143,"27":0.9930971265,"28":0.9933708906,"29":0.9931328297,"30":0.993874073,"31":0.9942373037,"32":0.9942881465,"33":0.9941800833,"34":0.9941379428,"35":0.9929622412,"36":0.994468987,"37":0.994340241,"38":0.9933294058,"39":0.9945381284,"40":0.9945181608,"41":0.9940682054,"42":0.9943050742,"43":0.9924125671,"44":0.9935404658,"45":0.9944297671,"46":0.9934238791,"47":0.9940983057,"48":0.9947249293,"49":0.9946895242,"50":0.9942373037,"51":0.994584024,"52":0.9947114587,"53":0.9945473075,"54":0.9946511984,"55":0.9951283932,"56":0.9935578704,"57":0.9947831035,"58":0.9935017228,"59":0.9940383434}}