{"loss":{"0":0.2207897156,"1":0.0620080903,"2":0.0280714892,"3":0.024194397,"4":0.0242316127,"5":0.0222242959,"6":0.0213562921,"7":0.0207026005,"8":0.0202872716,"9":0.0199904162,"10":0.0196758825,"11":0.0194849353,"12":0.0191478115,"13":0.0188685413,"14":0.0186190195,"15":0.0182064641,"16":0.0182430893,"17":0.0179776065,"18":0.0177211054,"19":0.017284546,"20":0.0171534233,"21":0.0168046318,"22":0.0167602636,"23":0.016698841,"24":0.0169071946,"25":0.0182474386,"26":0.0172999687,"27":0.016650388,"28":0.0164918508,"29":0.0160148162,"30":0.0157390013,"31":0.0158002377,"32":0.0159102753,"33":0.015799189,"34":0.0156047065,"35":0.0153452195,"36":0.0151216695,"37":0.0152618475,"38":0.0148750124,"39":0.0150558325,"40":0.014926062,"41":0.0147848576,"42":0.0145343207,"43":0.0148853604,"44":0.0146252373,"45":0.0143918451,"46":0.0144676603,"47":0.0145371035,"48":0.0143946977,"49":0.0144547839,"50":0.0143028665,"51":0.0145040751,"52":0.0140938433,"53":0.014009906,"54":0.0140711954,"55":0.0139322635,"56":0.0139530152,"57":0.0138761485,"58":0.0141589167,"59":0.0140247894},"sparse_categorical_accuracy":{"0":0.7218670249,"1":0.978569746,"2":0.9825735688,"3":0.9827336669,"4":0.9823516011,"5":0.984934032,"6":0.9861645103,"7":0.9871901274,"8":0.9874764681,"9":0.9876228571,"10":0.9876215458,"11":0.9876633883,"12":0.9877101779,"13":0.9876811504,"14":0.987637043,"15":0.9876857996,"16":0.9875107408,"17":0.9876545668,"18":0.98772192,"19":0.9877783656,"20":0.9879092574,"21":0.9880065918,"22":0.9881459475,"23":0.9881989956,"24":0.9880926609,"25":0.9877816439,"26":0.9878191352,"27":0.9881476164,"28":0.9882523417,"29":0.9885982871,"30":0.9884522557,"31":0.9886814356,"32":0.9884163141,"33":0.9885380268,"34":0.9885624051,"35":0.9889148474,"36":0.9889044166,"37":0.9889031649,"38":0.9890475273,"39":0.9889400005,"40":0.9891639948,"41":0.9890927672,"42":0.989287436,"43":0.9889547229,"44":0.9893390536,"45":0.9892929792,"46":0.9893001914,"47":0.9891917109,"48":0.9893949628,"49":0.9893559813,"50":0.9894431829,"51":0.9894323349,"52":0.9894813299,"53":0.9894956946,"54":0.989425838,"55":0.9894918203,"56":0.9895529151,"57":0.9894710779,"58":0.9894630909,"59":0.9893992543},"val_loss":{"0":0.0646786019,"1":0.0440172479,"2":0.0254167989,"3":0.0250862017,"4":0.0242142696,"5":0.0238978453,"6":0.0234083831,"7":0.0226855464,"8":0.021591384,"9":0.0209529065,"10":0.0208339132,"11":0.0199511852,"12":0.0193330348,"13":0.0193634164,"14":0.018524982,"15":0.0195706319,"16":0.0200030729,"17":0.0182900187,"18":0.0179471038,"19":0.0192012805,"20":0.0209111627,"21":0.0183494817,"22":0.0179255102,"23":0.019133985,"24":0.0669992566,"25":0.0187529493,"26":0.0190476049,"27":0.0169644784,"28":0.0166829266,"29":0.0170217641,"30":0.0165191963,"31":0.0167580079,"32":0.0167453103,"33":0.0196801759,"34":0.0171946101,"35":0.0180187356,"36":0.0174762439,"37":0.0160958823,"38":0.0163299385,"39":0.0183630325,"40":0.0191551186,"41":0.020052813,"42":0.0153822517,"43":0.0216114409,"44":0.0173827596,"45":0.0167768709,"46":0.0167111363,"47":0.0159788392,"48":0.0166073758,"49":0.0186320059,"50":0.0165911242,"51":0.017604772,"52":0.0240080841,"53":0.0158502404,"54":0.0211933721,"55":0.0182891376,"56":0.016377734,"57":0.0184714291,"58":0.0175913069,"59":0.0160560086},"val_sparse_categorical_accuracy":{"0":0.9806388617,"1":0.9806388617,"2":0.9806388617,"3":0.9806421399,"4":0.982565701,"5":0.9825195074,"6":0.9825130701,"7":0.9827463627,"8":0.9853073955,"9":0.9858313799,"10":0.9860319495,"11":0.9864243269,"12":0.9876626134,"13":0.9878001809,"14":0.9878055453,"15":0.9877998233,"16":0.9878117442,"17":0.9878132939,"18":0.987757206,"19":0.9878143668,"20":0.9781376719,"21":0.9878183603,"22":0.9878153205,"23":0.9879103303,"24":0.986113131,"25":0.9878151417,"26":0.987814486,"27":0.9878755808,"28":0.9878571033,"29":0.9868135452,"30":0.9881988764,"31":0.9878094792,"32":0.9881055355,"33":0.9882701039,"34":0.9880731702,"35":0.9844101071,"36":0.9860180616,"37":0.9875146747,"38":0.9878545403,"39":0.9845556021,"40":0.9830795527,"41":0.980933547,"42":0.9887372255,"43":0.9797437787,"44":0.9862120152,"45":0.9881343842,"46":0.9854176641,"47":0.9883977771,"48":0.9867540598,"49":0.9883851409,"50":0.9875189662,"51":0.9858742952,"52":0.974665463,"53":0.9884419441,"54":0.9813497663,"55":0.9846050739,"56":0.9882286191,"57":0.9844684005,"58":0.986884594,"59":0.9879453778}}