{"loss":{"0":0.047033485,"1":0.0248543378,"2":0.0225382261,"3":0.0217468273,"4":0.019529026,"5":0.0184604824,"6":0.0177132264,"7":0.0167032965,"8":0.0161147602,"9":0.0154314395,"10":0.0150330188,"11":0.0152673842,"12":0.0154415434,"13":0.0147340065,"14":0.0144007402,"15":0.0140331704,"16":0.0133241015,"17":0.0134200966,"18":0.0126789557,"19":0.0127469143,"20":0.012875678,"21":0.0122475242,"22":0.012056089,"23":0.011963618,"24":0.0118836788,"25":0.0119188512,"26":0.0112904068,"27":0.0105785793,"28":0.0112233153,"29":0.0111196889},"sparse_categorical_accuracy":{"0":0.9430739284,"1":0.9809170961,"2":0.9809173942,"3":0.9811823368,"4":0.9854491949,"5":0.9873201847,"6":0.987888813,"7":0.987875402,"8":0.9878948927,"9":0.9879042506,"10":0.9878975749,"11":0.9878427386,"12":0.9879092574,"13":0.9879490733,"14":0.9880297184,"15":0.9881576896,"16":0.98829633,"17":0.9884882569,"18":0.9887588024,"19":0.9888376594,"20":0.9890471697,"21":0.9893050194,"22":0.9890562892,"23":0.9892674685,"24":0.9895021915,"25":0.9892638922,"26":0.9896714687,"27":0.9901506305,"28":0.9898466468,"29":0.9899309278},"val_loss":{"0":0.0257085003,"1":0.0231083352,"2":0.0210136622,"3":0.0196933169,"4":0.0182338711,"5":0.0165199246,"6":0.0170597583,"7":0.016857326,"8":0.01548729,"9":0.019152699,"10":0.0153925009,"11":0.0152122565,"12":0.0153248617,"13":0.0140818134,"14":0.0140970722,"15":0.0141724711,"16":0.0147872632,"17":0.01303133,"18":0.0126861325,"19":0.0127816368,"20":0.0129759284,"21":0.0127608469,"22":0.0125486134,"23":0.0148218647,"24":0.0133675095,"25":0.0128950905,"26":0.0117847277,"27":0.0113277603,"28":0.0118062152,"29":0.0146382162},"val_sparse_categorical_accuracy":{"0":0.9803532362,"1":0.9803532362,"2":0.9803532362,"3":0.9839249253,"4":0.9867411256,"5":0.9875327945,"6":0.9875308871,"7":0.9875299335,"8":0.9875327945,"9":0.9875275493,"10":0.9875329137,"11":0.9875273108,"12":0.9875361919,"13":0.9875702262,"14":0.9881544709,"15":0.987174511,"16":0.9877932072,"17":0.9880647659,"18":0.9876002073,"19":0.9887129068,"20":0.9882054925,"21":0.9892334938,"22":0.988090694,"23":0.9837203622,"24":0.9873967767,"25":0.9895714521,"26":0.9895814657,"27":0.9897056222,"28":0.9884496331,"29":0.9846986532}}