{"loss":{"0":0.0316888317,"1":0.0121555375,"2":0.0097483648,"3":0.0087446533,"4":0.0076332116,"5":0.0068898997,"6":0.006426834,"7":0.0059650163,"8":0.0055255955,"9":0.0053797332,"10":0.005328408,"11":0.0048413449,"12":0.0046794848,"13":0.0044465498,"14":0.0044447491,"15":0.0045361375,"16":0.0046199542,"17":0.0042586317,"18":0.0041075149,"19":0.004040157,"20":0.003731091,"21":0.0035470708,"22":0.0034026047,"23":0.0034335761,"24":0.0036100447},"sparse_categorical_accuracy":{"0":0.4876935482,"1":0.4315837026,"2":0.51202631,"3":0.5598335266,"4":0.5444957614,"5":0.5706458092,"6":0.5280013084,"7":0.5161164999,"8":0.5517081022,"9":0.5760614276,"10":0.5766063929,"11":0.4574044347,"12":0.4528331161,"13":0.6049775481,"14":0.5061535835,"15":0.5950578451,"16":0.3987092674,"17":0.6159923077,"18":0.511354804,"19":0.422111392,"20":0.4094240665,"21":0.48602283,"22":0.4893717468,"23":0.6057342291,"24":0.4549236596},"val_loss":{"0":0.0745551735,"1":0.0426305421,"2":0.0150576225,"3":0.0118797245,"4":0.0122772604,"5":0.0116674323,"6":0.0110486066,"7":0.0120614087,"8":0.0178028159,"9":0.0159711335,"10":0.0100161629,"11":0.0100780893,"12":0.0108803213,"13":0.0080559319,"14":0.0091649843,"15":0.0067408262,"16":0.0096948827,"17":0.0058987066,"18":0.0060707689,"19":0.0065279827,"20":0.0050512222,"21":0.0050131255,"22":0.0050661885,"23":0.0051107281,"24":0.0053513264},"val_sparse_categorical_accuracy":{"0":0.2657440901,"1":0.0933539942,"2":0.1424298137,"3":0.0800386667,"4":0.0511773378,"5":0.6836535335,"6":0.5234953761,"7":0.0401167572,"8":0.7991866469,"9":0.0878946632,"10":0.8041176796,"11":0.6793692112,"12":0.1246901304,"13":0.5305415392,"14":0.9207108021,"15":0.8462715149,"16":0.9718768597,"17":0.5863991976,"18":0.0506652929,"19":0.9473059773,"20":0.7584546208,"21":0.7389903665,"22":0.3610707819,"23":0.6329042315,"24":0.5259390473}}