{"loss":{"0":0.1680713296,"1":0.07094118,"2":0.0364499576,"3":0.0205595661,"4":0.0161432102,"5":0.0142935365,"6":0.0138315549,"7":0.0135638118,"8":0.0132269049,"9":0.0128314449,"10":0.0123406835,"11":0.0117367823,"12":0.0111137833,"13":0.0103298556,"14":0.0096344519,"15":0.0087480387,"16":0.0079736728,"17":0.0075184209,"18":0.0070873923,"19":0.0067568328,"20":0.0064689349,"21":0.0062039271,"22":0.0059455568,"23":0.0056873215,"24":0.0055937027,"25":0.0055749039,"26":0.0060384115,"27":0.0081024216,"28":0.0066066463,"29":0.0061060204,"30":0.0058194413,"31":0.0054852259,"32":0.0053192149,"33":0.0052824863,"34":0.0049893917,"35":0.0078762611,"36":0.0075628925,"37":0.006339686,"38":0.0058369394,"39":0.0055179312,"40":0.0053376611,"41":0.0051376517,"42":0.0050668409,"43":0.004935937,"44":0.0048748315,"45":0.0046698963,"46":0.0046543409,"47":0.00459196,"48":0.0046019717,"49":0.004583667,"50":0.0045095864,"51":0.0043347669,"52":0.0042744735,"53":0.0041866829,"54":0.0041276496,"55":0.0041000429,"56":0.0040140674,"57":0.0039654071,"58":0.0039885109,"59":0.0038084325},"sparse_categorical_accuracy":{"0":0.4856422246,"1":0.8862252831,"2":0.9791589379,"3":0.9808750153,"4":0.98073107,"5":0.9809152484,"6":0.980918467,"7":0.9809327126,"8":0.9812602997,"9":0.9823510051,"10":0.9830008745,"11":0.9833120108,"12":0.983474791,"13":0.9835813046,"14":0.9836858511,"15":0.9837614298,"16":0.9838266373,"17":0.9838841558,"18":0.983940661,"19":0.9841247797,"20":0.9843405485,"21":0.9848904014,"22":0.9861317277,"23":0.9874691367,"24":0.987379849,"25":0.9885146618,"26":0.9875485897,"27":0.9842412472,"28":0.9853272438,"29":0.9870097041,"30":0.9877847433,"31":0.9892954826,"32":0.9896694422,"33":0.9894587994,"34":0.9905107617,"35":0.9865362644,"36":0.9845281243,"37":0.9865028858,"38":0.9883717299,"39":0.9896347523,"40":0.9895784855,"41":0.9904867411,"42":0.9907504916,"43":0.9910483956,"44":0.9904173613,"45":0.9915030599,"46":0.9916541576,"47":0.9916459918,"48":0.991951704,"49":0.9917219281,"50":0.9920144677,"51":0.9922661185,"52":0.9923427701,"53":0.9924363494,"54":0.9926916361,"55":0.9925723672,"56":0.9926670194,"57":0.9927754998,"58":0.9928017259,"59":0.9931316376},"val_loss":{"0":0.0626146197,"1":0.0313558802,"2":0.0277922582,"3":0.0176695697,"4":0.0148564735,"5":0.0142433252,"6":0.0140935043,"7":0.0139911007,"8":0.0137605397,"9":0.0138510838,"10":0.014141988,"11":0.0142141636,"12":0.0151498448,"13":0.0185823962,"14":0.0198963601,"15":0.0207423214,"16":0.0282725003,"17":0.0250676163,"18":0.0242763497,"19":0.0266991146,"20":0.0213746428,"21":0.0220999904,"22":0.0257380623,"23":0.0242109764,"24":0.0214021616,"25":0.0197179448,"26":0.0950162858,"27":0.0176720023,"28":0.0124614537,"29":0.0086874636,"30":0.0086832559,"31":0.0073335487,"32":0.0091984104,"33":0.009433927,"34":0.0100866323,"35":0.0177183561,"36":0.0124364756,"37":0.0122686885,"38":0.0120597752,"39":0.0114498278,"40":0.0124247847,"41":0.0137854191,"42":0.0123645598,"43":0.0142592983,"44":0.0131961536,"45":0.0135400593,"46":0.0147064896,"47":0.013041771,"48":0.0116900774,"49":0.0091592474,"50":0.0112928161,"51":0.0111385044,"52":0.0124991108,"53":0.0121977022,"54":0.0104932999,"55":0.0127229793,"56":0.0113459965,"57":0.0110393632,"58":0.008451785,"59":0.008723828},"val_sparse_categorical_accuracy":{"0":0.9810621142,"1":0.9803532362,"2":0.9803532362,"3":0.9803532362,"4":0.9803532362,"5":0.9803532362,"6":0.9803532362,"7":0.9803532362,"8":0.9803532362,"9":0.9803532362,"10":0.9803532362,"11":0.9803532362,"12":0.9803532362,"13":0.9803532362,"14":0.9803533554,"15":0.980356276,"16":0.9803591371,"17":0.9803596735,"18":0.9803682566,"19":0.9816095233,"20":0.9826097488,"21":0.9837925434,"22":0.9839186668,"23":0.9839365482,"24":0.983938694,"25":0.9839593768,"26":0.9834603071,"27":0.9857884645,"28":0.9842479825,"29":0.9847297668,"30":0.9856250286,"31":0.9886778593,"32":0.9879589677,"33":0.9876239896,"34":0.9878667593,"35":0.9839874506,"36":0.9839628935,"37":0.983966887,"38":0.9842308164,"39":0.9857386351,"40":0.9866389036,"41":0.9864526391,"42":0.9870696664,"43":0.9873496294,"44":0.987829566,"45":0.9876956344,"46":0.9876137376,"47":0.9879847765,"48":0.9884006381,"49":0.988675952,"50":0.9888946414,"51":0.9880003929,"52":0.9878159165,"53":0.9882757664,"54":0.9885980487,"55":0.9881212711,"56":0.9882162213,"57":0.9880031347,"58":0.9887230396,"59":0.9884548783}}