{"loss":{"0":0.2027228624,"1":0.0598607771,"2":0.0281224828,"3":0.0251566153,"4":0.023876192,"5":0.0221860874,"6":0.0203001332,"7":0.0184248425,"8":0.0167038124,"9":0.0147293573,"10":0.0128940847,"11":0.0114848623,"12":0.0103903124,"13":0.0097588152,"14":0.0092903627,"15":0.008957427,"16":0.0086541483,"17":0.0080939401,"18":0.0080797458,"19":0.0077726133,"20":0.0077030719,"21":0.007505029,"22":0.0072692521,"23":0.007383286,"24":0.0070046349,"25":0.0069475509,"26":0.0068402812,"27":0.0081354398,"28":0.0071246601,"29":0.0068558119,"30":0.0066636796,"31":0.0064584757,"32":0.0064746775,"33":0.0064350804,"34":0.0063729929,"35":0.0058900844,"36":0.005776125,"37":0.0059752567,"38":0.0058557265,"39":0.0058597685,"40":0.0055955541,"41":0.0056336271,"42":0.0055284137,"43":0.006040602,"44":0.0057329219,"45":0.0055793626,"46":0.0053557744,"47":0.0052633355,"48":0.0052017048,"49":0.0050136005,"50":0.0049958467,"51":0.0049624806,"52":0.0047271205,"53":0.0047314805,"54":0.004587777,"55":0.0045541679,"56":0.0045826943,"57":0.0045841397,"58":0.0049913106,"59":0.0045817294},"sparse_categorical_accuracy":{"0":0.7008200884,"1":0.9801588058,"2":0.9797586203,"3":0.9810198545,"4":0.981851995,"5":0.982195735,"6":0.9827095866,"7":0.9835554957,"8":0.9842361808,"9":0.9853456616,"10":0.9872216582,"11":0.988737464,"12":0.9897654057,"13":0.9902117252,"14":0.9908106327,"15":0.9909794331,"16":0.9914918542,"17":0.9919643402,"18":0.992020905,"19":0.9922652841,"20":0.992156744,"21":0.9925383925,"22":0.9928688407,"23":0.9925366044,"24":0.9929271936,"25":0.9929900169,"26":0.9931843877,"27":0.9922018647,"28":0.9928477407,"29":0.9930189848,"30":0.9932895899,"31":0.9935273528,"32":0.993376255,"33":0.9934053421,"34":0.9935231805,"35":0.9939762354,"36":0.9940891266,"37":0.9938573837,"38":0.9940140247,"39":0.9939577579,"40":0.9942205548,"41":0.9941884875,"42":0.9941380024,"43":0.9936130047,"44":0.9941036105,"45":0.9941565394,"46":0.9943674207,"47":0.9944819808,"48":0.9944906235,"49":0.994612515,"50":0.9946619868,"51":0.994535327,"52":0.9948584437,"53":0.9948841333,"54":0.9949582815,"55":0.994934082,"56":0.994954288,"57":0.994892478,"58":0.9946721792,"59":0.9949048758},"val_loss":{"0":0.1094923988,"1":0.0310953148,"2":0.0564073734,"3":0.0256040003,"4":0.0250653531,"5":0.0241506826,"6":0.0230181124,"7":0.0255500525,"8":0.0256394017,"9":0.0266136527,"10":0.0258255284,"11":0.0251440145,"12":0.0219243728,"13":0.0239774548,"14":0.0227889642,"15":0.0210871678,"16":0.0192925185,"17":0.0165001508,"18":0.0156781673,"19":0.0139015932,"20":0.0127491485,"21":0.0108972434,"22":0.0139223197,"23":0.0137422103,"24":0.0119510312,"25":0.0104056904,"26":0.0117203621,"27":0.0140668238,"28":0.0117574576,"29":0.008828138,"30":0.0119680976,"31":0.0117530636,"32":0.0094946325,"33":0.0096162837,"34":0.0086324848,"35":0.0130699556,"36":0.0110003697,"37":0.0109603396,"38":0.0091695925,"39":0.0085402951,"40":0.0131056784,"41":0.0101969549,"42":0.009712439,"43":0.0099924244,"44":0.0084914472,"45":0.0091208303,"46":0.0092276884,"47":0.0130141005,"48":0.0117753325,"49":0.0092972787,"50":0.0088148806,"51":0.0093508959,"52":0.0105126202,"53":0.0096820835,"54":0.0089194104,"55":0.0121768629,"56":0.0082389312,"57":0.0078342231,"58":0.0076597868,"59":0.0090354886},"val_sparse_categorical_accuracy":{"0":0.9806388617,"1":0.9806388617,"2":0.9806389809,"3":0.9806388617,"4":0.9806388617,"5":0.9806388617,"6":0.9806603193,"7":0.98066926,"8":0.9833807349,"9":0.9826827645,"10":0.9841679931,"11":0.9841949344,"12":0.9866908193,"13":0.9877640605,"14":0.9877727032,"15":0.9878718853,"16":0.9879683852,"17":0.9885698557,"18":0.9889375567,"19":0.9888862967,"20":0.9907691479,"21":0.991484344,"22":0.9901918173,"23":0.9894933105,"24":0.9911937118,"25":0.9914838076,"26":0.9909869432,"27":0.9911155105,"28":0.9917296767,"29":0.9918119311,"30":0.9913468361,"31":0.9909074306,"32":0.9921172857,"33":0.9922277331,"34":0.992575407,"35":0.9903616309,"36":0.9920048118,"37":0.9918887019,"38":0.9921797514,"39":0.9922774434,"40":0.990354538,"41":0.9917942882,"42":0.991969645,"43":0.9926252365,"44":0.9925675988,"45":0.9930046201,"46":0.9930537939,"47":0.9911459684,"48":0.9914168119,"49":0.9927185774,"50":0.992914021,"51":0.9920938611,"52":0.992541194,"53":0.9925752878,"54":0.9929507375,"55":0.9920735955,"56":0.9932421446,"57":0.9931368828,"58":0.9933633208,"59":0.992420435}}