{"loss":{"0":0.0321822166,"1":0.0162105821,"2":0.0130175771,"3":0.0116417753,"4":0.0109972069,"5":0.0103238486,"6":0.0095641082,"7":0.0091120619,"8":0.0087567884,"9":0.0083204182,"10":0.008264848,"11":0.007851027,"12":0.0070010046,"13":0.006720352,"14":0.0067998446,"15":0.0065595815,"16":0.005957453,"17":0.0062395292,"18":0.0062210336,"19":0.0058676763,"20":0.0053992509,"21":0.0053300024,"22":0.0053385482,"23":0.0051583494,"24":0.0050191809,"25":0.004626242,"26":0.0046311705,"27":0.0045059011,"28":0.0045001009,"29":0.0051420354,"30":0.0044764034,"31":0.0042245267,"32":0.0045133675,"33":0.0047317646,"34":0.0043564709,"35":0.0044505252,"36":0.0042703031,"37":0.0038410705,"38":0.0036381762,"39":0.0035496212,"40":0.0037991412,"41":0.0036238164,"42":0.0034962357,"43":0.0036337774,"44":0.0035015286,"45":0.0033020345,"46":0.003228154,"47":0.0032002942,"48":0.0031346432,"49":0.0031635349,"50":0.0029618819,"51":0.0030330345,"52":0.0029271008,"53":0.0031429401,"54":0.0034346147,"55":0.0037785328,"56":0.0033926417,"57":0.0030877588,"58":0.002921904,"59":0.0027741166,"60":0.0027552007,"61":0.0025133616,"62":0.0024138945,"63":0.0025896793,"64":0.0031581325,"65":0.0030446071,"66":0.00316308,"67":0.0032923024,"68":0.0030541741,"69":0.0026097759,"70":0.0024272797,"71":0.0025872334,"72":0.0023581565,"73":0.0022236106,"74":0.0022081975,"75":0.0021692899,"76":0.0021645189,"77":0.0021020907,"78":0.0021005366,"79":0.0021474487},"sparse_categorical_accuracy":{"0":0.9732159376,"1":0.9856727719,"2":0.9877750874,"3":0.9887363911,"4":0.9892902374,"5":0.9896578193,"6":0.9904819131,"7":0.9907469153,"8":0.9912173152,"9":0.9915396571,"10":0.991694808,"11":0.9920297861,"12":0.9929459691,"13":0.9931718707,"14":0.9929304719,"15":0.9931970239,"16":0.9937915206,"17":0.9936824441,"18":0.9936724305,"19":0.9937622547,"20":0.9942894578,"21":0.9942728281,"22":0.9942383766,"23":0.9944421053,"24":0.9944361448,"25":0.9947912097,"26":0.9947941899,"27":0.994900167,"28":0.9949445724,"29":0.9943809509,"30":0.9949782491,"31":0.9951389432,"32":0.9949263334,"33":0.994572103,"34":0.9949835539,"35":0.9949486256,"36":0.9949849844,"37":0.9954104424,"38":0.9955720901,"39":0.9956120849,"40":0.9953907728,"41":0.9955316782,"42":0.9957080483,"43":0.9954894781,"44":0.9955792427,"45":0.9958052635,"46":0.9958389401,"47":0.9958943129,"48":0.9958707094,"49":0.9959378242,"50":0.9960766435,"51":0.9959303141,"52":0.9961346984,"53":0.9959429502,"54":0.9956123829,"55":0.9954020977,"56":0.9956263304,"57":0.9960744381,"58":0.9960434437,"59":0.9961935878,"60":0.9962313771,"61":0.9965059161,"62":0.99656564,"63":0.9964265227,"64":0.9958930016,"65":0.9960511327,"66":0.9958621264,"67":0.9956602454,"68":0.9958939552,"69":0.9963676333,"70":0.996604681,"71":0.9964461923,"72":0.9966473579,"73":0.9967226982,"74":0.9967853427,"75":0.9968047738,"76":0.9968190193,"77":0.9968988895,"78":0.9969175458,"79":0.9968629479},"val_loss":{"0":0.0542726479,"1":0.0205425508,"2":0.0144437449,"3":0.0112003554,"4":0.0140323704,"5":0.020673316,"6":0.0121589946,"7":0.0201847162,"8":0.0150462445,"9":0.0109731462,"10":0.0102599403,"11":0.0119641665,"12":0.0110928714,"13":0.0287332945,"14":0.0120320665,"15":0.0120774657,"16":0.0160139408,"17":0.014178995,"18":0.0152933924,"19":0.0092158094,"20":0.0128090801,"21":0.0210587997,"22":0.0091680372,"23":0.009159361,"24":0.0134046078,"25":0.0074066259,"26":0.0063409824,"27":0.0077780052,"28":0.0077355318,"29":0.007460454,"30":0.0075631919,"31":0.0139190927,"32":0.0075262911,"33":0.0076895668,"34":0.0055798627,"35":0.0090816179,"36":0.0062076142,"37":0.0061869873,"38":0.0064818971,"39":0.0098884683,"40":0.0069615445,"41":0.006736659,"42":0.0051493859,"43":0.0061575924,"44":0.0070716166,"45":0.0085284403,"46":0.0058901217,"47":0.006258891,"48":0.0073161093,"49":0.0068615125,"50":0.0069811055,"51":0.0062741507,"52":0.0057168077,"53":0.0091625666,"54":0.0049470258,"55":0.0056858612,"56":0.0068518426,"57":0.0054354463,"58":0.0063080844,"59":0.0082980674,"60":0.0060256608,"61":0.0087109841,"62":0.0088433083,"63":0.0104377745,"64":0.0061359499,"65":0.0060648201,"66":0.0089443019,"67":0.0062651914,"68":0.0050398391,"69":0.0070681702,"70":0.0077600265,"71":0.0077989302,"72":0.0101261232,"73":0.0080210613,"74":0.0082963388,"75":0.0086910566,"76":0.009180218,"77":0.0087465234,"78":0.0098258248,"79":0.0079883309},"val_sparse_categorical_accuracy":{"0":0.981190443,"1":0.9884225726,"2":0.9881035686,"3":0.9893621802,"4":0.9886866808,"5":0.9894626737,"6":0.990724504,"7":0.9882369637,"8":0.9892356992,"9":0.9910607934,"10":0.9903485775,"11":0.9908743501,"12":0.9913350344,"13":0.9878402352,"14":0.9891363978,"15":0.9892263412,"16":0.9885575175,"17":0.9905670881,"18":0.9893736839,"19":0.9914471507,"20":0.9896395206,"21":0.9886716008,"22":0.99252671,"23":0.9913786054,"24":0.9903542995,"25":0.9936044812,"26":0.9938941598,"27":0.9927081466,"28":0.9927784801,"29":0.9937495589,"30":0.9934923053,"31":0.9905593991,"32":0.9926217198,"33":0.9931006432,"34":0.9936692119,"35":0.9926024675,"36":0.9941735268,"37":0.9938470721,"38":0.9941015244,"39":0.9925171137,"40":0.9941086769,"41":0.9939818978,"42":0.994789958,"43":0.9941286445,"44":0.9942067266,"45":0.9927925467,"46":0.9948243499,"47":0.9940610528,"48":0.9937590361,"49":0.9939579368,"50":0.9943810105,"51":0.9943190217,"52":0.9946134686,"53":0.992591083,"54":0.9945017695,"55":0.9935426712,"56":0.9939636588,"57":0.9945729971,"58":0.9941577315,"59":0.9939083457,"60":0.9945509434,"61":0.9939466715,"62":0.9942382574,"63":0.993514955,"64":0.9947049022,"65":0.994045794,"66":0.9941485524,"67":0.9944109321,"68":0.9948029518,"69":0.9946276546,"70":0.9941492081,"71":0.9947571754,"72":0.9941005111,"73":0.9944115877,"74":0.9947571754,"75":0.9941317439,"76":0.9942201972,"77":0.9941596389,"78":0.9938879013,"79":0.9942743182}}