{"loss":{"0":0.1372512579,"1":0.0413730554,"2":0.0282437205,"3":0.0200078562,"4":0.0157802459,"5":0.0137677845,"6":0.0125984615,"7":0.0119213285,"8":0.0119635379,"9":0.0109399306,"10":0.0101570077,"11":0.0095982505,"12":0.0088410405,"13":0.0082052452,"14":0.0081561673,"15":0.0098940311,"16":0.0109986383,"17":0.0093061049,"18":0.0079912795,"19":0.00707534,"20":0.0065897354,"21":0.0062395157,"22":0.0058349022,"23":0.0057453383,"24":0.0053919111,"25":0.0100374315,"26":0.0087597081,"27":0.0076873009,"28":0.0069959899,"29":0.0065935948,"30":0.0062486636,"31":0.0057699084,"32":0.0053800135,"33":0.0050875838,"34":0.0049163471,"35":0.004825063,"36":0.0047052046,"37":0.0046544713,"38":0.004356178,"39":0.004294375},"sparse_categorical_accuracy":{"0":0.7450924516,"1":0.9790140986,"2":0.9824346304,"3":0.9849410653,"4":0.9859182835,"5":0.9866760373,"6":0.9868402481,"7":0.9868661761,"8":0.9868963361,"9":0.9868398905,"10":0.9868630767,"11":0.9870426655,"12":0.9870054126,"13":0.9870622754,"14":0.9873701334,"15":0.9868779182,"16":0.9867879748,"17":0.9868715405,"18":0.9874441624,"19":0.9879463911,"20":0.9883603454,"21":0.9889261127,"22":0.989556849,"23":0.9898237586,"24":0.9903515577,"25":0.987683475,"26":0.9874187112,"27":0.987865448,"28":0.9884067774,"29":0.988617003,"30":0.9889674187,"31":0.9896951318,"32":0.9903301597,"33":0.990608573,"34":0.9910023808,"35":0.9914621115,"36":0.9914777279,"37":0.9912880063,"38":0.991871953,"39":0.9921504855},"val_loss":{"0":0.0496011451,"1":0.0316140056,"2":0.0229638908,"3":0.0180045031,"4":0.0155570321,"5":0.014033515,"6":0.012561244,"7":0.012054937,"8":0.0112774419,"9":0.011057226,"10":0.0101898145,"11":0.0092225075,"12":0.0097812871,"13":0.0112776607,"14":0.0086045023,"15":0.016759865,"16":0.0122484537,"17":0.0120001864,"18":0.0107698273,"19":0.0092226416,"20":0.0092719905,"21":0.0080834776,"22":0.0079672504,"23":0.0092468942,"24":0.0066875787,"25":0.0128969308,"26":0.0086748637,"27":0.008191349,"28":0.0085951732,"29":0.0083466396,"30":0.0083285719,"31":0.0075510042,"32":0.007937897,"33":0.0075169681,"34":0.0074217268,"35":0.0063133859,"36":0.006643367,"37":0.0069414945,"38":0.0069770967,"39":0.0060344995},"val_sparse_categorical_accuracy":{"0":0.9806388617,"1":0.982191205,"2":0.9810038805,"3":0.9821099639,"4":0.9824364781,"5":0.9825639725,"6":0.9837111235,"7":0.9848619103,"8":0.9871765375,"9":0.9876890779,"10":0.9877098203,"11":0.9877869487,"12":0.9878677726,"13":0.9878482819,"14":0.987927556,"15":0.9844693542,"16":0.9873746634,"17":0.987626791,"18":0.9878700376,"19":0.9879837632,"20":0.9882855415,"21":0.9885858297,"22":0.9888450503,"23":0.9880936742,"24":0.9889371395,"25":0.9877428412,"26":0.9876633883,"27":0.9880517125,"28":0.9883272648,"29":0.9884075522,"30":0.9887458086,"31":0.9889205694,"32":0.9892865419,"33":0.9891523123,"34":0.9891593456,"35":0.9902257919,"36":0.9893007874,"37":0.9905024171,"38":0.9891406894,"39":0.9905332923}}