{"loss":{"0":0.1513364911,"1":0.052362524,"2":0.0249892361,"3":0.0215431899,"4":0.020247573,"5":0.0191372298,"6":0.0185643099,"7":0.0182017162,"8":0.017374238,"9":0.0172489099,"10":0.0168524906,"11":0.0167059358,"12":0.0165168252,"13":0.0166940205,"14":0.0157638993,"15":0.0159890447,"16":0.0154711381,"17":0.0150212264,"18":0.014612372,"19":0.014512971,"20":0.0145165455,"21":0.0148571124,"22":0.0142704584,"23":0.0142326355,"24":0.015280704,"25":0.0149557423,"26":0.0145164775,"27":0.0146220876,"28":0.0144446576,"29":0.0137759},"sparse_categorical_accuracy":{"0":0.8598645329,"1":0.9808546901,"2":0.982288897,"3":0.9843724966,"4":0.9871146083,"5":0.9877765179,"6":0.9877933264,"7":0.9877748489,"8":0.9878853559,"9":0.9880846739,"10":0.9883003831,"11":0.9882564545,"12":0.9884824753,"13":0.9880176783,"14":0.9886056781,"15":0.9883790016,"16":0.9886906743,"17":0.9891160131,"18":0.9893618226,"19":0.9893279076,"20":0.9893059134,"21":0.9890067577,"22":0.9894497991,"23":0.9893051386,"24":0.9887520671,"25":0.9889782071,"26":0.9892032146,"27":0.9886229038,"28":0.9889748096,"29":0.9895073175},"val_loss":{"0":0.0845310241,"1":0.0294828583,"2":0.0276943296,"3":0.0239642598,"4":0.0260345843,"5":0.0230071582,"6":0.0241295639,"7":0.0207655355,"8":0.0207044128,"9":0.0182721391,"10":0.0201036241,"11":0.0212712493,"12":0.0209444389,"13":0.0183922444,"14":0.0171393957,"15":0.0167313442,"16":0.0179350004,"17":0.0225076638,"18":0.0157540087,"19":0.0180044305,"20":0.0192912053,"21":0.0179583188,"22":0.0157624502,"23":0.0169305392,"24":0.018242931,"25":0.0182321351,"26":0.0187732559,"27":0.0167467725,"28":0.0212803073,"29":0.0183394682},"val_sparse_categorical_accuracy":{"0":0.9806388617,"1":0.9806388617,"2":0.9806388617,"3":0.9806388617,"4":0.9806388617,"5":0.9817922711,"6":0.9835330248,"7":0.9858269691,"8":0.9876958132,"9":0.9877375364,"10":0.9878115058,"11":0.9878184795,"12":0.9878152609,"13":0.9877650738,"14":0.9878152013,"15":0.9878436327,"16":0.9878097773,"17":0.9878521562,"18":0.9879007339,"19":0.9878031015,"20":0.9880012274,"21":0.9863213897,"22":0.9880174994,"23":0.9877720475,"24":0.9881448746,"25":0.9878181815,"26":0.988029778,"27":0.9881532192,"28":0.9878153801,"29":0.9878093004}}