{"loss":{"0":0.1039301753,"1":0.0291880779,"2":0.0151469586,"3":0.0135911377,"4":0.0130255502,"5":0.0126269069,"6":0.0119877486,"7":0.0115212789,"8":0.0113367802,"9":0.0112585081,"10":0.0111230966,"11":0.0110410796,"12":0.0109686442,"13":0.0108083701,"14":0.0106584858,"15":0.0106522664,"16":0.010534958,"17":0.010425684,"18":0.0103289532,"19":0.0101517458,"20":0.010080439,"21":0.0098961163,"22":0.0097618178,"23":0.0096152974,"24":0.0093752826,"25":0.0095713185,"26":0.0095504662,"27":0.0090512466,"28":0.0090221595,"29":0.0089086173,"30":0.0088095814,"31":0.0087279277,"32":0.0086616529,"33":0.0086343782,"34":0.0085771009,"35":0.0084677245,"36":0.008313749,"37":0.008437139,"38":0.0082502458,"39":0.0082660029},"sparse_categorical_accuracy":{"0":0.8009878397,"1":0.9807830453,"2":0.9814677238,"3":0.9822568893,"4":0.9833670259,"5":0.9842245579,"6":0.9857729673,"7":0.9868594408,"8":0.9874383211,"9":0.9875048995,"10":0.9875588417,"11":0.9876230955,"12":0.9876176715,"13":0.9876061678,"14":0.9876698256,"15":0.9876944423,"16":0.987654388,"17":0.9876714945,"18":0.9876976609,"19":0.9876782298,"20":0.9877002835,"21":0.9877048731,"22":0.9876809716,"23":0.9877029061,"24":0.987768352,"25":0.9875919819,"26":0.9877482653,"27":0.9879711866,"28":0.9878903031,"29":0.9879323244,"30":0.9879950285,"31":0.9881294966,"32":0.988350749,"33":0.9882675409,"34":0.9882554412,"35":0.9884516001,"36":0.9885539412,"37":0.9884073138,"38":0.9887370467,"39":0.9885231853},"val_loss":{"0":0.0183543675,"1":0.0178028997,"2":0.0141181545,"3":0.0139237428,"4":0.0136759523,"5":0.0154510923,"6":0.013212068,"7":0.0129049094,"8":0.0126516456,"9":0.0125823496,"10":0.011949704,"11":0.0119430451,"12":0.011519216,"13":0.0110792173,"14":0.0106256669,"15":0.0113613987,"16":0.0125378119,"17":0.0106918504,"18":0.0104532707,"19":0.0123568475,"20":0.0100919232,"21":0.0105167627,"22":0.0101891067,"23":0.0123509178,"24":0.0177917443,"25":0.0111319106,"26":0.0125894127,"27":0.0114047276,"28":0.0158974435,"29":0.0097282194,"30":0.0113963308,"31":0.0102417814,"32":0.0100765023,"33":0.0094173318,"34":0.0103894668,"35":0.0099173356,"36":0.0108763194,"37":0.0093425214,"38":0.0097034965,"39":0.011012638},"val_sparse_categorical_accuracy":{"0":0.9806478024,"1":0.9806388617,"2":0.9806388617,"3":0.9806388617,"4":0.9806389809,"5":0.9806388617,"6":0.9806803465,"7":0.980643034,"8":0.9806938171,"9":0.980664134,"10":0.9836424589,"11":0.98432827,"12":0.9846401811,"13":0.9849830866,"14":0.9871826172,"15":0.9864934683,"16":0.9877471924,"17":0.987817347,"18":0.9876551032,"19":0.984175086,"20":0.9877712131,"21":0.9877462387,"22":0.98774755,"23":0.9878209233,"24":0.987821579,"25":0.9878130555,"26":0.9877839684,"27":0.9878188968,"28":0.9878216982,"29":0.9870157838,"30":0.9877917171,"31":0.9878151417,"32":0.9877976179,"33":0.9878073931,"34":0.987819016,"35":0.9877623916,"36":0.9877758622,"37":0.9873540998,"38":0.9875805974,"39":0.9878208637}}