{"loss":{"0":0.0388239399,"1":0.0223277919,"2":0.0178171415,"3":0.0144780502,"4":0.011987065,"5":0.0113394465,"6":0.0105035026,"7":0.0096856644,"8":0.0098498268,"9":0.0092980778,"10":0.0090828054,"11":0.0091645867,"12":0.007959404,"13":0.0078663602,"14":0.0072297449,"15":0.0069074621,"16":0.0071117035,"17":0.0067719063,"18":0.0065770326,"19":0.0060754297,"20":0.0069140769,"21":0.0066894288,"22":0.0060430826,"23":0.0056569912,"24":0.0051273392,"25":0.0054353238,"26":0.0052511049,"27":0.0052205171,"28":0.0049373335,"29":0.0047039008,"30":0.0052899243,"31":0.0048271008,"32":0.0049150949,"33":0.0046993024,"34":0.0042419205,"35":0.0041072546,"36":0.0038871882,"37":0.0037253578,"38":0.0038211443,"39":0.0036509549,"40":0.0034811711,"41":0.0033393668,"42":0.0033574738,"43":0.0037975186,"44":0.0040321164,"45":0.003392396,"46":0.0030814104,"47":0.0030002547,"48":0.0030042266,"49":0.0032341762,"50":0.0032458007,"51":0.0033293318,"52":0.0028960991,"53":0.0028511663,"54":0.0026836055,"55":0.0025780019,"56":0.0025102117,"57":0.0025958312,"58":0.0025817398,"59":0.0027900529},"sparse_categorical_accuracy":{"0":0.9749975801,"1":0.980876863,"2":0.9825302958,"3":0.9864817858,"4":0.9878293276,"5":0.9883750677,"6":0.9892202616,"7":0.990177393,"8":0.9900574684,"9":0.9907729626,"10":0.9910949469,"11":0.9912388325,"12":0.9924178123,"13":0.992423594,"14":0.9929246306,"15":0.9932723641,"16":0.9932753444,"17":0.9934003949,"18":0.9936265349,"19":0.9938824177,"20":0.9932314754,"21":0.9932467341,"22":0.9940817356,"23":0.9942205548,"24":0.9946418405,"25":0.994297564,"26":0.9945201874,"27":0.9944784641,"28":0.9948154092,"29":0.9948891997,"30":0.994246304,"31":0.9947321415,"32":0.9947017431,"33":0.9950056076,"34":0.9952586293,"35":0.9952976108,"36":0.9954259992,"37":0.995605886,"38":0.995436132,"39":0.9955405593,"40":0.9957182407,"41":0.9958262444,"42":0.9957871437,"43":0.9954363108,"44":0.995272696,"45":0.9957828522,"46":0.9959644675,"47":0.9961228371,"48":0.9961519837,"49":0.9958025217,"50":0.9957969189,"51":0.9957063794,"52":0.9961163998,"53":0.9961903691,"54":0.9962958097,"55":0.9964659214,"56":0.9964892268,"57":0.9964523315,"58":0.9964885712,"59":0.9961892962},"val_loss":{"0":0.0253145732,"1":0.0194695294,"2":0.0155678708,"3":0.013871138,"4":0.0106731392,"5":0.0100301104,"6":0.010612377,"7":0.0096112015,"8":0.0081756301,"9":0.0096405931,"10":0.0085050762,"11":0.011961394,"12":0.0074062687,"13":0.0076259407,"14":0.0078395428,"15":0.0083469925,"16":0.0082043475,"17":0.007460447,"18":0.0078568216,"19":0.0083768461,"20":0.0064422204,"21":0.0064073098,"22":0.0058015971,"23":0.006445576,"24":0.0068130833,"25":0.0070897853,"26":0.0057106474,"27":0.0057410095,"28":0.0051477705,"29":0.0074113728,"30":0.0080191148,"31":0.0065617119,"32":0.0060314205,"33":0.0052197627,"34":0.0069019408,"35":0.0062281513,"36":0.0053977924,"37":0.0060516098,"38":0.0058300621,"39":0.0056353593,"40":0.0061233928,"41":0.0066748499,"42":0.0081763119,"43":0.0065319045,"44":0.0056386651,"45":0.0062011718,"46":0.0072133318,"47":0.0069396929,"48":0.0058916239,"49":0.0074268854,"50":0.007229703,"51":0.0069541023,"52":0.0086518964,"53":0.0079436665,"54":0.0073819812,"55":0.0075565311,"56":0.0070858458,"57":0.0065056295,"58":0.0090595689,"59":0.0087881479},"val_sparse_categorical_accuracy":{"0":0.9806388617,"1":0.9806388617,"2":0.9862580299,"3":0.9877907634,"4":0.9887225032,"5":0.9895361066,"6":0.9900323153,"7":0.9892473817,"8":0.9920741916,"9":0.9910802841,"10":0.9919840693,"11":0.9897437692,"12":0.992808938,"13":0.9929222465,"14":0.9928162098,"15":0.9926882386,"16":0.9932866693,"17":0.9929434061,"18":0.9929221272,"19":0.9910840392,"20":0.9930520654,"21":0.9936828017,"22":0.993914783,"23":0.9937739968,"24":0.993318975,"25":0.9939720035,"26":0.9941319227,"27":0.9941074848,"28":0.9945368767,"29":0.9931845069,"30":0.9927996993,"31":0.9941800237,"32":0.9946191907,"33":0.994322896,"34":0.9941740632,"35":0.9943014383,"36":0.9949609637,"37":0.9947218895,"38":0.9947091341,"39":0.9949074388,"40":0.9947282076,"41":0.9944748878,"42":0.9939401746,"43":0.9945385456,"44":0.9947907925,"45":0.9947788119,"46":0.9947429895,"47":0.9950435162,"48":0.9949014187,"49":0.9943210483,"50":0.9942828417,"51":0.9948284626,"52":0.9948564172,"53":0.9947730899,"54":0.9947403669,"55":0.9948170185,"56":0.9950573444,"57":0.9952277541,"58":0.9943429232,"59":0.9947834611}}