{"loss":{"0":0.1637899131,"1":0.0506922565,"2":0.0303901769,"3":0.0208964851,"4":0.0165371932,"5":0.0140098864,"6":0.0128726987,"7":0.0121408021,"8":0.0122371092,"9":0.0118736848,"10":0.0114759598,"11":0.011277264,"12":0.0110585066,"13":0.0109091755,"14":0.0107330009,"15":0.0103575885,"16":0.0101194996,"17":0.0105343638,"18":0.0100199915,"19":0.0097298585,"20":0.0093783541,"21":0.009722556,"22":0.0093421191,"23":0.0089983875,"24":0.0086879898},"sparse_categorical_accuracy":{"0":0.608646214,"1":0.917604804,"2":0.9765851498,"3":0.9813613892,"4":0.9830218554,"5":0.9853680134,"6":0.9863151908,"7":0.986705482,"8":0.9861556888,"9":0.9867242575,"10":0.9870128632,"11":0.9870897532,"12":0.9871733189,"13":0.9872698784,"14":0.9873238206,"15":0.9873220325,"16":0.9872924089,"17":0.9871598482,"18":0.987338841,"19":0.987306416,"20":0.9874270558,"21":0.9871611595,"22":0.9873850942,"23":0.9874790907,"24":0.9875944257},"val_loss":{"0":0.0473685339,"1":0.0318482183,"2":0.0223886594,"3":0.0176438857,"4":0.0155706769,"5":0.0142447343,"6":0.0125916321,"7":0.0118677141,"8":0.0115018757,"9":0.0112944525,"10":0.0112535339,"11":0.0114308614,"12":0.0113408323,"13":0.0111396266,"14":0.0109575614,"15":0.0121639399,"16":0.0121307224,"17":0.0112681761,"18":0.0131425234,"19":0.0156020895,"20":0.0159862805,"21":0.0145089542,"22":0.00974706,"23":0.0128668826,"24":0.011176073},"val_sparse_categorical_accuracy":{"0":0.9806408286,"1":0.9806388617,"2":0.9806388617,"3":0.9806388617,"4":0.9806388617,"5":0.9806388617,"6":0.9828296304,"7":0.9858381152,"8":0.9874674678,"9":0.9877974987,"10":0.9878041148,"11":0.987806201,"12":0.9878086448,"13":0.987808466,"14":0.9878073931,"15":0.9878080487,"16":0.9878110886,"17":0.9878090024,"18":0.9878094792,"19":0.9878147244,"20":0.987808466,"21":0.9877966642,"22":0.9878063202,"23":0.9878074527,"24":0.9877986908}}