{"loss":{"0":0.0337158702,"1":0.0220833626,"2":0.0200683698,"3":0.0193114076,"4":0.0189424288,"5":0.0185739081,"6":0.0180887487,"7":0.0179565996,"8":0.0176084749,"9":0.0175686181,"10":0.0175492633,"11":0.0174130183,"12":0.0171989892,"13":0.0170534085,"14":0.0171750169,"15":0.0168770235,"16":0.016861042,"17":0.0165648423,"18":0.0170469135,"19":0.0164882392,"20":0.0163360462,"21":0.0165605266,"22":0.0161764566,"23":0.0159053542,"24":0.0158125553,"25":0.0162548162,"26":0.0157662872,"27":0.0156316385,"28":0.0155018009,"29":0.015474583,"30":0.0157412495,"31":0.0153425429,"32":0.0155548714,"33":0.0154130673,"34":0.0152595434,"35":0.0150465081,"36":0.0152892936,"37":0.0155255189,"38":0.0150629617,"39":0.0150569603,"40":0.0148238037,"41":0.0149475355,"42":0.0146669652,"43":0.0146801407,"44":0.0145476758,"45":0.0145763019,"46":0.0151217952,"47":0.0144887948,"48":0.0146534396,"49":0.014345061,"50":0.0144989751,"51":0.0143770305,"52":0.014403726,"53":0.0143031552,"54":0.0141278543,"55":0.0143741742,"56":0.0141754281,"57":0.0141824149,"58":0.0147666428,"59":0.0141702369,"60":0.0140215158,"61":0.0139553482,"62":0.0138329063,"63":0.0139050931,"64":0.0139834313,"65":0.0137092937,"66":0.0135387648,"67":0.0136725754,"68":0.0138043473,"69":0.0134884147,"70":0.0135723287,"71":0.0144398017,"72":0.0140144313,"73":0.0135631394,"74":0.0135366088,"75":0.0134417545,"76":0.0132941939,"77":0.01322312,"78":0.0134340152,"79":0.0133781219},"sparse_categorical_accuracy":{"0":0.9735857248,"1":0.9860249162,"2":0.9877045751,"3":0.9878040552,"4":0.9878159165,"5":0.9878302813,"6":0.9878294468,"7":0.9878362417,"8":0.9878414869,"9":0.987845242,"10":0.9878425002,"11":0.9878441691,"12":0.9878435731,"13":0.9878495336,"14":0.9878474474,"15":0.9878517389,"16":0.9878458977,"17":0.9878508449,"18":0.987848103,"19":0.9878517389,"20":0.9878544807,"21":0.9878106713,"22":0.9878539443,"23":0.9878310561,"24":0.9878993034,"25":0.9878568053,"26":0.9879191518,"27":0.9879612327,"28":0.988009572,"29":0.9881010056,"30":0.9879947305,"31":0.9881840348,"32":0.9880735874,"33":0.988096416,"34":0.9882935286,"35":0.9884964228,"36":0.988304615,"37":0.9880216122,"38":0.9883866906,"39":0.988430202,"40":0.9886348844,"41":0.9883338809,"42":0.9886897802,"43":0.9888362885,"44":0.9888359904,"45":0.9888350964,"46":0.9885292053,"47":0.9888804555,"48":0.9888336658,"49":0.9890261889,"50":0.9887474775,"51":0.9890707731,"52":0.9890735149,"53":0.9889303446,"54":0.9893387556,"55":0.9889073372,"56":0.9891105294,"57":0.9892340899,"58":0.9886628985,"59":0.9892511964,"60":0.9892702103,"61":0.9893558621,"62":0.9894143939,"63":0.9894246459,"64":0.9893113971,"65":0.9895299673,"66":0.9896418452,"67":0.9895221591,"68":0.9896759391,"69":0.9896957874,"70":0.9897329211,"71":0.9891719222,"72":0.9894266129,"73":0.9896732569,"74":0.9896439314,"75":0.9896318913,"76":0.9898546934,"77":0.9899061918,"78":0.9896571636,"79":0.9895833135},"val_loss":{"0":0.0262931418,"1":0.0216764081,"2":0.0251694862,"3":0.041459132,"4":0.0398889147,"5":0.0310897492,"6":0.0317229219,"7":0.0228678361,"8":0.0210689977,"9":0.0250940882,"10":0.0432856679,"11":0.0475067832,"12":0.0211938694,"13":0.0219866186,"14":0.0218071975,"15":0.0197265893,"16":0.0263308212,"17":0.0237999726,"18":0.0226467196,"19":0.019140128,"20":0.0161920451,"21":0.0219130348,"22":0.0249069687,"23":0.023466222,"24":0.0282994285,"25":0.0151784988,"26":0.016351847,"27":0.0168863256,"28":0.0202795193,"29":0.0265207831,"30":0.0148237413,"31":0.0178559255,"32":0.0177523717,"33":0.0232967772,"34":0.0232217126,"35":0.0148657365,"36":0.0153206419,"37":0.0161219705,"38":0.0145903099,"39":0.0171899572,"40":0.0246234704,"41":0.0197936576,"42":0.0198475495,"43":0.0153732458,"44":0.0202933587,"45":0.0215090644,"46":0.0197474062,"47":0.0190131962,"48":0.0194528811,"49":0.0194717683,"50":0.0253860503,"51":0.025885934,"52":0.017180074,"53":0.0178222489,"54":0.0176661424,"55":0.0167770758,"56":0.0176791921,"57":0.0162252989,"58":0.022485042,"59":0.0184783656,"60":0.0141541753,"61":0.0207923874,"62":0.0201842804,"63":0.0218933914,"64":0.0207471978,"65":0.0158991758,"66":0.0176581591,"67":0.0196588021,"68":0.017932497,"69":0.0185975675,"70":0.0198282097,"71":0.0206860937,"72":0.0174009167,"73":0.0163340326,"74":0.0199996568,"75":0.0205142703,"76":0.0201269686,"77":0.0182618443,"78":0.0212430395,"79":0.0203254297},"val_sparse_categorical_accuracy":{"0":0.9806668162,"1":0.9861660004,"2":0.9878095984,"3":0.9878168106,"4":0.9878158569,"5":0.9878141284,"6":0.9878143668,"7":0.9878185391,"8":0.9878181815,"9":0.9878185391,"10":0.9878187776,"11":0.9878185391,"12":0.9878172278,"13":0.9878187776,"14":0.9878157973,"15":0.98781991,"16":0.9878159761,"17":0.9878216982,"18":0.9878216982,"19":0.9878216982,"20":0.9878239036,"21":0.9878025055,"22":0.9878355265,"23":0.9878357053,"24":0.9879297614,"25":0.9878844023,"26":0.9881469011,"27":0.9884552956,"28":0.9883511066,"29":0.9882004857,"30":0.98845011,"31":0.9883300662,"32":0.9881275296,"33":0.9883834124,"34":0.9882878065,"35":0.9886623621,"36":0.9878201485,"37":0.9880523682,"38":0.9885936975,"39":0.9891120791,"40":0.9889518619,"41":0.9889309406,"42":0.9889214039,"43":0.98909688,"44":0.9891110659,"45":0.9878318906,"46":0.9886950254,"47":0.9893586636,"48":0.9892903566,"49":0.9890623689,"50":0.9891446829,"51":0.9889743924,"52":0.9891711473,"53":0.989346683,"54":0.988125205,"55":0.9873295426,"56":0.9894246459,"57":0.9894259572,"58":0.9887940288,"59":0.9894464016,"60":0.9894751906,"61":0.9894441962,"62":0.988840878,"63":0.9893530011,"64":0.9893079996,"65":0.989058435,"66":0.9895727038,"67":0.9896172285,"68":0.9893552065,"69":0.9893772602,"70":0.9894937277,"71":0.9896065593,"72":0.989262104,"73":0.9888867736,"74":0.9896817207,"75":0.9894839525,"76":0.9893472791,"77":0.9896385074,"78":0.9894275665,"79":0.9896883368}}