{"loss":{"0":0.0932430476,"1":0.0247706547,"2":0.0133076729,"3":0.0124021461,"4":0.0118444944,"5":0.0115332948,"6":0.0112062525,"7":0.0109893642,"8":0.0107649826,"9":0.0105856759,"10":0.0103669669,"11":0.0101503814,"12":0.0106614148,"13":0.0109833395,"14":0.0105435224,"15":0.0101259667,"16":0.0098114135,"17":0.0098989941,"18":0.0099657411,"19":0.0097648846,"20":0.0094588101,"21":0.0094131324,"22":0.0092013134,"23":0.008945168,"24":0.0089636249,"25":0.0085010538,"26":0.0083322609,"27":0.0079010529,"28":0.0078166006,"29":0.00780416,"30":0.0079246648,"31":0.0075321663,"32":0.0073817349,"33":0.0070524048,"34":0.0070530223,"35":0.0069816345,"36":0.0067568743,"37":0.006926937,"38":0.0068481551,"39":0.0064414544},"sparse_categorical_accuracy":{"0":0.81489712,"1":0.9809875488,"2":0.9823306203,"3":0.984344244,"4":0.9851942658,"5":0.9865211844,"6":0.9869291782,"7":0.9870551825,"8":0.9871650934,"9":0.9872143865,"10":0.987308979,"11":0.9873375297,"12":0.9867576361,"13":0.9873763919,"14":0.9873036146,"15":0.9873430133,"16":0.9874620438,"17":0.9874606133,"18":0.9875782728,"19":0.9875157475,"20":0.9875472784,"21":0.9875651002,"22":0.9875838757,"23":0.9876286983,"24":0.9875994325,"25":0.9876885414,"26":0.9875859618,"27":0.9877971411,"28":0.987754643,"29":0.9875359535,"30":0.9878100157,"31":0.9879153371,"32":0.9878074527,"33":0.9881952405,"34":0.9881401062,"35":0.988375783,"36":0.9887429476,"37":0.9884853959,"38":0.9884068966,"39":0.988984108},"val_loss":{"0":0.0213580001,"1":0.0150292991,"2":0.0134266187,"3":0.0131827919,"4":0.0130466232,"5":0.0127482275,"6":0.0124959238,"7":0.012285443,"8":0.0121559128,"9":0.0120980339,"10":0.0119477697,"11":0.0114645502,"12":0.0125743374,"13":0.0117634218,"14":0.0119090704,"15":0.0111493077,"16":0.0117485328,"17":0.0130059468,"18":0.0108999731,"19":0.0098175537,"20":0.0100223925,"21":0.0136753619,"22":0.0141262626,"23":0.0119179217,"24":0.0096289553,"25":0.0132009201,"26":0.0118362643,"27":0.0116085913,"28":0.0101724584,"29":0.0120002404,"30":0.0119954366,"31":0.010035377,"32":0.0099035306,"33":0.0097661177,"34":0.0101137413,"35":0.0093285758,"36":0.0093310829,"37":0.009307012,"38":0.0086046839,"39":0.0111813145},"val_sparse_categorical_accuracy":{"0":0.98248142,"1":0.9806508422,"2":0.980692625,"3":0.9807201624,"4":0.9825235605,"5":0.9825760722,"6":0.9825822115,"7":0.9825841188,"8":0.9825953245,"9":0.9827644825,"10":0.9840398431,"11":0.9858984351,"12":0.9843747616,"13":0.9867278337,"14":0.9877131581,"15":0.9876970649,"16":0.9877781868,"17":0.9861503243,"18":0.9875584841,"19":0.9877396226,"20":0.9878057241,"21":0.9877726436,"22":0.9876784682,"23":0.987670362,"24":0.9878211021,"25":0.9877931476,"26":0.9877741337,"27":0.9874004126,"28":0.9877641201,"29":0.9878296852,"30":0.986209631,"31":0.9877955914,"32":0.9871130586,"33":0.9867795706,"34":0.9872400761,"35":0.9843276143,"36":0.9836974144,"37":0.9851416945,"38":0.9858711362,"39":0.9818047285}}